id,latitud,longitud,sector,tipo,C01-BANCOS,C05-CENTRALES CAMIONERAS,C06-CENTROS COMERCIALES,C09-CUARTELES DE LA POLICÍA AUXILIAR,C10-CUARTELES PBI,C11-CUARTELES PGJ,C13-EDUCACION,C15-HOSPITALES,C16-JUZGADOS CIVILES Y PENALES,C19-METROBUS,C20-MINISTERIOR PUBLICOS,C21-MODULOS SSP,C22-MONUMENTOS HISTORICOS,C23-NOTARIAS,C24-OFICINAS DE GOBIERNO,C26-PLAZAS Y PARQUES,C27-RECLUSORIOS,C30-TESORERIAS,C31-TREN LIGERO,C33-IGLESIAS Y TEMPLOS,C38-MERCADOS PUBLICOS,C42-TROLEBUS,C43-TURIBUS,C44-GUARDERIAS,C45-CENTROS DE SALUD Y CLINICAS,C46-ESTABLECIMIENTOS MERCANTILES,C49-TIENDAS DEPARTAMENTALES,C51-EDIFICIOS,C53-CINES,C57-EVENTOS MASIVOS,C58-CASAS Y CENTROS DE CULTURA,C59-MUSEOS Y TEATROS,C62-OXXO,C67-CENTROS PILARES,C72-ACCESOS METRO,C73-ATRACTIVOS TURISTICOS,C75-FONOTECAS,C76-FOTOTECA,C77-GALERIAS,C78-ZONAS ARQUEOLOGICAS,C81-ESTACIONES DE CABLEBUS,C82-ALCALDIAS
1,19.435283,-99.147152,ALAMEDA,9m,25,0,1,0,0,0,3,0,0,2,1,0,11,0,0,1,0,0,0,0,0,1,0,0,0,409,2,0,2,0,1,3,4,0,1,3,0,0,2,0,0,0
2,19.435098,-99.14582,ALAMEDA,9m,27,0,1,0,0,0,3,0,0,1,1,0,8,0,0,1,0,0,0,0,0,0,1,0,0,239,2,0,1,0,0,4,1,0,0,4,0,0,1,0,0,0
3,19.434573,-99.143858,ALAMEDA,9m,15,0,1,0,0,0,1,0,0,0,1,0,9,1,0,2,0,0,0,1,0,0,1,0,0,239,3,0,0,1,0,2,0,0,0,1,0,0,0,0,0,0
4,19.434374,-99.142704,ALAMEDA,9m,16,0,1,0,0,0,1,0,0,0,0,0,6,1,0,1,0,0,0,1,0,0,1,0,0,715,4,0,0,0,0,2,2,0,1,2,0,0,1,0,0,0
5,19.434242,-99.14188,ALAMEDA,9m,13,0,1,0,0,0,1,0,0,0,0,0,5,1,0,0,0,0,0,2,0,2,0,0,0,963,5,0,0,0,1,4,2,0,2,3,0,0,2,0,0,0
6,19.433729,-99.146751,ALAMEDA,9m,27,0,1,0,0,0,3,0,0,0,1,0,2,0,0,0,0,0,0,0,0,0,0,0,0,507,1,0,0,1,0,2,4,0,2,1,0,0,0,0,0,0
7,19.433091,-99.142696,ALAMEDA,9m,10,0,1,0,0,0,1,0,0,0,0,0,3,1,0,1,0,0,0,1,0,1,0,0,0,899,5,0,0,0,0,0,2,0,0,0,0,0,0,0,0,0
9,19.432311,-99.12703,CENTRO,9m,1,0,0,0,0,0,2,0,0,0,0,0,0,0,0,2,0,0,0,2,0,0,0,0,1,893,0,0,0,0,0,0,2,0,0,0,0,0,0,0,0,0
10,19.434369,-99.127634,CENTRO,9m,1,0,0,0,0,0,4,0,0,0,0,0,0,0,0,2,0,0,0,4,0,0,0,0,2,946,0,0,0,0,1,4,0,0,0,1,0,1,0,0,0,0
11,19.427922,-99.129471,CENTRO,9m,8,0,0,0,0,0,2,0,0,1,0,0,0,0,0,0,0,0,0,0,0,0,0,0,0,752,0,0,0,0,0,0,1,0,0,0,0,0,0,0,0,0
47,19.432782,-99.14669,ALAMEDA,9m,10,0,0,0,0,1,3,0,0,2,0,0,0,0,0,0,0,0,0,0,0,0,0,0,0,544,0,0,0,1,0,2,5,0,2,1,0,0,0,0,0,0
48,19.432563,-99.14514,ALAMEDA,9m,2,0,0,0,0,1,1,0,0,0,0,0,0,0,0,1,0,0,0,0,0,0,0,0,0,458,0,0,0,0,0,3,1,0,0,1,0,0,0,0,0,0
66,19.432138,-99.142134,ALAMEDA,9m,7,0,1,0,0,0,1,0,0,1,0,0,0,0,0,1,0,0,0,0,0,3,0,0,0,1635,2,0,0,0,0,0,2,0,4,0,0,0,0,0,0,0
67,19.431952,-99.146324,ALAMEDA,9m,8,0,0,0,0,1,2,0,0,2,0,0,0,0,0,0,0,0,0,0,0,0,0,0,0,514,0,0,0,1,0,2,2,0,0,0,0,1,0,0,0,0
68,19.430521,-99.14365,ALAMEDA,9m,9,0,0,0,0,0,0,0,0,2,0,0,1,0,0,1,0,0,0,1,2,0,0,0,0,821,0,0,0,0,0,0,1,0,0,1,0,0,0,0,0,0
93,19.431178,-99.147999,ALAMEDA,9m,7,0,0,0,0,0,2,0,0,3,0,0,1,0,0,1,0,0,0,0,0,0,0,0,0,505,0,0,0,0,1,2,3,0,0,1,0,1,0,0,0,0
94,19.430924,-99.145396,ALAMEDA,9m,3,0,0,0,0,1,0,0,0,2,0,0,0,0,0,0,0,0,0,0,2,0,0,0,0,689,0,0,0,0,0,1,1,0,0,1,0,0,0,0,0,0
136,19.436604,-99.143738,ALAMEDA,9m,10,0,0,0,0,0,0,0,0,0,0,0,5,0,0,2,0,0,0,1,0,0,1,0,0,38,0,0,0,1,1,3,0,0,1,4,0,0,0,0,0,0
138,19.430341,-99.14239,ALAMEDA,9m,10,0,0,0,0,0,0,0,0,4,0,0,1,0,0,1,0,0,0,1,1,4,0,0,0,2231,0,0,0,0,0,0,1,0,3,0,0,0,0,0,0,0
218,19.425609,-99.119747,CONGRESO,9m,1,0,0,0,0,0,1,0,0,2,0,0,0,0,0,1,0,0,0,0,0,0,0,0,1,294,0,11,0,0,0,0,0,0,0,0,0,0,0,0,0,0
489,19.438103,-99.129298,CENTRO,9m,1,0,0,0,0,0,4,1,0,0,0,0,0,0,0,0,0,0,0,0,2,0,0,0,0,1080,0,0,0,0,1,1,0,0,0,0,0,0,0,0,0,0
490,19.428019,-99.131158,CENTRO,9m,17,0,0,0,0,0,4,0,0,0,0,0,0,0,0,0,0,0,0,1,0,0,0,0,0,1056,0,0,0,0,0,2,1,0,0,1,0,0,1,0,0,0
492,19.427491,-99.140079,ALAMEDA,9m,3,0,0,0,0,0,5,0,0,0,0,0,0,0,0,0,0,0,0,1,0,0,0,0,0,441,0,0,0,0,0,6,0,0,3,0,0,0,2,0,0,0
495,19.429567,-99.150901,ALAMEDA,9m,0,0,0,0,0,0,4,0,0,0,0,0,2,0,0,1,0,0,0,0,0,0,0,0,0,60,0,0,0,0,0,4,0,0,0,0,0,0,2,0,0,0
496,19.42645,-99.132863,CENTRO,9m,11,0,1,0,0,0,3,0,0,2,0,0,0,0,0,1,0,0,0,0,0,0,0,0,0,1256,0,0,0,0,0,0,1,0,3,0,0,0,0,1,0,0
936,19.425001,-99.116335,CONGRESO,9m,1,0,0,0,0,0,1,1,0,1,0,0,0,0,0,0,0,0,0,0,0,0,0,0,0,32,0,0,0,0,0,0,0,0,0,0,0,0,0,0,0,0
939,19.417856,-99.118833,CONGRESO,9m,0,0,0,0,0,0,3,0,0,0,0,0,0,0,0,0,0,0,0,0,0,0,0,0,0,103,0,0,0,0,0,0,0,0,0,0,0,0,0,0,0,0
941,19.423099,-99.119431,CONGRESO,9m,4,0,0,0,0,0,4,0,0,0,0,0,2,0,0,1,0,0,0,1,0,0,0,1,0,50,2,3,0,0,0,0,0,0,1,0,0,0,0,0,0,0
944,19.437138,-99.121099,CONGRESO,9m,0,0,0,0,0,0,3,0,0,2,0,0,0,0,0,0,0,0,0,0,0,0,0,0,0,110,0,0,0,0,0,0,0,0,0,0,0,0,0,0,0,0
945,19.438573,-99.121832,CONGRESO,9m,0,0,0,0,0,0,4,0,0,0,0,0,0,0,0,0,0,0,0,0,0,0,0,0,0,152,0,0,0,0,0,0,0,0,1,0,0,0,0,0,0,0
1320,19.423001,-99.126099,CENTRO,9m,6,0,0,0,0,0,0,0,0,1,0,0,0,0,0,0,0,0,0,0,1,0,0,0,0,801,0,15,0,0,0,0,2,0,0,0,0,0,0,0,0,0
1338,19.436306,-99.129735,CENTRO,9m,2,0,0,0,0,0,5,1,0,1,0,0,1,0,0,0,0,0,0,0,0,0,0,0,1,489,0,0,0,0,1,4,0,0,0,1,0,0,0,0,0,0
1340,19.437053,-99.129454,CENTRO,9m,2,0,0,0,0,0,5,1,0,1,0,0,1,0,0,0,0,0,0,0,1,0,0,0,0,884,0,0,0,0,1,2,0,0,0,1,0,0,0,0,0,0
1344,19.430279,-99.146814,ALAMEDA,9m,3,0,0,0,0,0,2,0,0,3,0,0,1,0,0,1,0,0,0,0,1,0,0,0,0,621,0,0,0,0,1,1,2,0,0,0,0,1,0,0,0,0
1345,19.427296,-99.132249,CENTRO,9m,8,0,0,0,0,0,5,0,0,1,0,0,0,0,0,1,0,0,0,0,0,0,0,0,0,1142,0,0,0,0,0,0,0,0,3,0,0,0,0,0,0,0
1346,19.425048,-99.135482,ALAMEDA,9m,20,0,0,0,0,0,2,0,0,0,0,0,0,0,0,1,0,2,0,2,0,0,0,0,1,392,0,0,0,0,0,2,1,0,0,0,0,0,1,0,0,0
1354,19.429468,-99.143403,ALAMEDA,9m,15,0,0,0,0,0,0,0,0,2,0,0,1,0,0,1,0,0,0,1,2,1,0,0,0,894,1,0,0,0,0,0,1,0,0,1,0,0,0,0,0,0
1361,19.429189,-99.142622,ALAMEDA,9m,15,0,1,0,0,0,0,0,0,4,0,0,1,0,0,1,0,0,0,1,1,2,0,0,0,1566,1,0,0,0,0,0,2,0,2,0,0,0,1,0,0,0
1363,19.4296,-99.148547,ALAMEDA,9m,1,0,0,0,0,0,3,0,0,2,0,0,2,0,0,2,0,0,0,0,0,0,0,1,0,369,0,0,0,0,2,2,1,0,0,1,0,1,0,0,0,0
1511,19.432547,-99.122763,CONGRESO,9m,2,0,0,0,0,0,0,0,0,0,0,0,0,0,0,0,0,0,0,1,0,0,0,0,0,153,0,2,0,0,0,0,1,0,0,0,0,0,0,0,0,0
1572,19.423982,-99.120034,CONGRESO,9m,3,0,0,0,0,0,3,0,0,2,0,0,1,0,0,1,0,0,0,1,0,0,0,1,1,111,1,9,0,0,0,0,0,0,0,0,0,0,0,0,0,0
1573,19.423545,-99.11629,CONGRESO,9m,1,0,0,0,0,0,2,1,0,0,0,0,0,0,0,0,0,0,0,0,0,0,0,0,0,78,0,0,0,0,0,0,0,0,0,0,0,0,0,0,0,0
1574,19.422272,-99.118104,CONGRESO,9m,0,0,0,0,0,0,5,0,0,0,0,0,3,0,0,2,0,0,0,0,0,0,0,0,0,31,0,0,0,0,0,0,0,0,0,0,0,0,0,0,0,0
1580,19.439092,-99.119386,CONGRESO,9m,0,0,0,0,0,0,2,0,0,0,0,0,0,0,0,0,0,0,0,0,0,0,0,0,0,71,0,12,0,0,0,0,0,0,4,0,0,0,0,0,0,0
1667,19.438544,-99.133353,CENTRO,9m,7,0,0,0,0,0,2,0,0,0,0,0,2,0,0,1,0,0,0,0,0,0,0,0,0,769,0,0,0,1,1,5,1,1,0,4,0,1,1,0,0,0
1671,19.428997,-99.146969,ALAMEDA,9m,1,0,0,0,0,0,2,0,0,0,0,0,1,0,0,1,0,0,0,0,1,0,0,1,0,298,0,0,0,0,2,0,3,0,0,0,0,0,0,0,0,0
2184,19.429177,-99.145822,ALAMEDA,9m,6,0,0,0,0,0,2,0,0,0,0,0,0,0,0,1,0,0,0,0,2,0,0,0,0,445,0,0,0,0,0,0,1,0,0,1,0,0,0,0,0,0
2185,19.428112,-99.143583,ALAMEDA,9m,12,0,1,0,0,0,2,0,0,0,0,0,0,0,0,0,0,0,0,0,1,1,0,0,2,1011,2,0,0,0,0,0,4,0,5,0,0,0,0,0,0,0
2186,19.427942,-99.141963,ALAMEDA,9m,5,0,1,0,0,0,5,0,0,0,0,0,0,0,0,0,0,0,0,0,1,4,0,0,2,1276,1,0,0,0,0,3,3,0,6,0,0,0,1,0,0,0
2187,19.427349,-99.149241,ALAMEDA,9m,21,0,0,0,0,0,4,0,0,1,0,0,0,0,0,1,0,0,0,0,0,0,0,1,0,182,1,0,0,0,0,0,0,0,4,0,0,0,0,0,0,0
2188,19.431092,-99.14651,ALAMEDA,9m,3,0,0,0,0,1,1,0,0,3,0,0,0,0,0,1,0,0,0,0,1,0,0,0,0,529,0,0,0,0,1,2,2,0,0,0,0,1,0,0,0,0
2190,19.427073,-99.144144,ALAMEDA,9m,8,0,0,0,0,0,2,0,0,0,0,0,0,0,0,0,0,0,0,0,1,0,0,0,2,472,2,0,0,0,0,0,4,0,2,0,0,0,0,0,0,0
2191,19.440235,-99.125049,CENTRO,9m,0,0,0,0,0,0,3,0,0,0,0,0,0,0,0,0,0,0,0,0,0,0,0,0,0,491,0,0,0,0,0,0,0,0,0,0,0,0,0,0,0,0
2194,19.429259,-99.133677,ALAMEDA,9m,9,0,0,0,0,0,2,1,0,2,0,0,1,0,0,0,0,0,0,2,0,0,0,0,0,1053,3,0,0,0,0,2,1,0,0,3,0,0,1,0,0,0
2195,19.432524,-99.129031,CENTRO,9m,5,0,0,0,0,0,4,0,0,0,0,0,0,0,0,0,0,0,0,2,0,0,0,0,0,807,0,0,0,0,0,6,1,0,0,3,0,2,0,0,0,0
2196,19.426382,-99.13738,ALAMEDA,9m,19,0,0,0,0,0,1,0,0,0,0,0,1,0,0,0,0,2,0,0,0,0,0,0,0,318,0,0,0,0,1,4,2,0,2,0,0,0,1,0,0,0
2198,19.430229,-99.141546,ALAMEDA,9m,6,0,1,0,0,0,4,0,0,3,0,0,0,0,0,0,0,0,0,0,1,4,0,0,0,2496,0,0,0,0,0,2,2,0,4,0,0,0,1,0,0,0
2201,19.434097,-99.140988,ALAMEDA,9m,9,0,0,0,0,0,2,0,0,0,0,0,3,0,0,0,0,0,0,2,0,2,0,0,0,1143,5,0,0,0,1,5,2,0,0,6,0,1,1,0,0,0
2202,19.431415,-99.138623,ALAMEDA,9m,32,0,1,0,0,0,1,0,0,1,0,0,2,0,0,0,0,0,0,0,0,0,0,0,0,671,3,0,1,0,2,5,3,0,0,0,0,0,1,0,0,0
2203,19.43054,-99.136726,ALAMEDA,9m,23,0,0,0,0,0,2,0,0,2,0,0,0,0,0,0,0,0,0,1,0,0,0,0,0,518,3,0,1,0,2,5,2,0,0,0,0,1,1,0,0,0
2204,19.433865,-99.124478,CENTRO,9m,5,0,0,0,0,0,0,0,0,0,0,0,0,0,0,0,0,0,0,0,1,0,0,0,0,1408,0,0,0,0,0,0,2,0,0,0,0,0,0,0,0,0
2206,19.435775,-99.146257,ALAMEDA,9m,22,0,1,0,0,0,1,0,0,4,1,0,19,0,0,1,0,0,0,0,0,1,0,0,0,206,2,0,2,0,1,2,0,0,3,2,0,0,2,0,0,0
2207,19.424206,-99.134625,ALAMEDA,9m,9,0,1,0,0,0,1,0,1,0,0,0,0,0,3,1,0,0,0,2,0,0,0,0,1,572,0,0,0,0,0,0,3,0,1,0,0,0,0,0,0,0
2208,19.426599,-99.12561,CENTRO,9m,0,0,0,0,0,0,0,0,0,1,0,0,0,0,0,0,0,0,0,1,4,0,0,0,0,1880,0,0,0,0,0,0,0,0,2,0,0,0,0,0,0,0
2209,19.429564,-99.136525,ALAMEDA,9m,4,0,0,0,0,0,1,0,0,2,0,0,0,0,0,0,0,0,0,1,0,0,0,0,0,563,2,0,1,0,3,3,2,0,0,0,0,0,1,0,0,0
2211,19.435731,-99.131729,CENTRO,9m,5,0,0,0,0,0,0,0,0,2,0,0,1,0,1,0,0,0,0,0,0,0,0,0,0,284,0,0,0,0,1,12,1,0,0,5,1,1,2,1,0,0
2212,19.431066,-99.13365,ALAMEDA,9m,19,0,0,0,0,0,0,0,0,0,0,0,0,0,5,1,0,0,0,2,0,0,0,0,0,498,7,0,0,1,0,4,0,0,2,1,0,0,2,0,0,0
2214,19.432929,-99.143358,ALAMEDA,9m,13,0,1,0,0,0,1,0,0,0,0,0,1,1,0,1,0,0,0,1,0,0,0,0,0,628,2,0,0,0,0,0,2,0,0,0,0,0,0,0,0,0
2215,19.435193,-99.149029,ALAMEDA,9m,26,0,0,0,0,0,2,0,0,2,0,0,6,0,0,0,0,0,0,0,0,2,0,0,0,233,2,0,0,0,0,0,1,0,0,0,0,0,0,0,0,0
2216,19.429946,-99.132353,ALAMEDA,9m,21,0,0,0,0,0,0,1,0,2,0,0,1,0,3,0,0,0,0,3,0,0,0,0,0,532,5,0,0,0,0,4,0,0,2,3,0,0,1,0,0,0
2217,19.432168,-99.133975,ALAMEDA,9m,12,0,1,0,0,0,0,0,0,0,0,0,1,0,4,1,0,0,0,2,0,0,0,0,0,854,5,0,0,1,0,5,0,0,3,1,0,0,3,0,0,0
2218,19.433326,-99.145083,ALAMEDA,9m,11,0,0,0,0,1,1,0,0,0,1,0,2,0,0,1,0,0,0,1,0,0,1,0,0,419,1,0,0,1,0,2,1,0,0,1,0,0,0,0,0,0
2219,19.436071,-99.14802,ALAMEDA,9m,29,0,1,0,0,0,3,0,0,3,0,0,13,0,0,1,0,0,0,0,0,2,0,0,0,333,2,0,2,0,1,2,5,0,5,2,0,0,2,0,0,0
2224,19.447884,-99.133978,MORELOS,9m,0,0,0,0,0,0,3,0,0,3,0,0,1,0,0,1,0,0,0,1,0,2,0,1,0,60,1,1,0,0,0,1,1,0,0,0,0,0,1,0,0,0
2232,19.4494,-99.131108,MORELOS,9m,0,0,0,0,0,0,6,0,0,0,0,0,0,0,0,1,0,0,0,0,0,0,0,0,0,239,0,0,0,0,0,0,0,0,0,0,0,0,0,0,0,0
2243,19.451824,-99.128203,MORELOS,9m,0,0,0,0,0,0,1,0,0,0,0,0,0,0,0,0,0,0,0,0,0,0,0,0,0,110,1,0,0,0,0,0,0,0,0,0,0,0,0,0,0,0
2244,19.450415,-99.132743,MORELOS,9m,0,0,0,0,0,1,3,0,1,3,1,0,3,0,0,2,0,0,0,0,0,3,0,0,0,130,0,3,0,0,0,2,0,0,0,0,0,0,0,0,0,0
2247,19.445,-99.133739,MORELOS,9m,0,0,0,0,0,0,3,0,0,0,0,0,0,0,1,0,0,0,0,0,1,0,0,0,1,445,0,0,0,0,1,1,0,0,0,0,0,0,0,0,0,0
2252,19.431753,-99.133298,ALAMEDA,9m,16,0,0,0,0,0,0,0,0,0,0,0,0,0,6,1,0,0,0,2,0,0,0,0,0,404,4,0,0,1,0,5,0,0,5,1,0,0,2,0,0,0
2255,19.445954,-99.132773,MORELOS,9m,0,0,0,0,0,0,3,0,0,0,0,0,0,0,0,1,0,0,0,1,0,0,0,0,0,117,0,0,0,0,0,0,0,0,0,0,0,0,0,0,0,0
2286,19.439694,-99.139856,CENTRO,9m,0,0,0,0,0,0,3,0,0,2,0,0,0,0,0,4,0,0,0,2,0,2,1,0,1,227,0,0,0,0,0,1,0,0,0,1,0,0,0,0,0,0
2290,19.435573,-99.137902,ALAMEDA,9m,13,0,0,0,0,0,1,0,0,0,0,0,3,2,2,1,0,0,0,1,0,0,1,0,0,867,3,0,1,1,1,9,2,0,4,3,0,1,1,0,0,0
2342,19.433632,-99.146103,ALAMEDA,9m,19,0,1,0,0,0,2,0,0,0,1,0,4,0,0,0,0,0,0,0,0,0,0,0,0,517,2,0,0,1,0,3,4,0,2,1,0,0,0,0,0,0
2346,19.425798,-99.132922,CENTRO,9m,10,0,1,0,0,0,3,0,1,2,0,0,0,0,0,2,0,0,0,1,0,0,0,0,0,931,0,0,0,0,0,0,2,0,4,0,0,0,0,1,0,0
2358,19.436395,-99.13797,ALAMEDA,9m,4,0,0,0,0,0,1,0,0,0,0,0,3,1,3,1,0,0,0,1,0,0,1,0,0,667,1,0,1,1,1,9,3,0,4,4,0,2,1,0,0,0
2380,19.435154,-99.142017,ALAMEDA,9m,14,0,1,0,0,0,0,0,0,2,0,0,5,1,0,0,0,0,0,1,0,1,0,0,0,577,4,0,0,0,0,4,0,0,5,2,0,1,1,0,0,0
2397,19.43604,-99.140713,ALAMEDA,9m,8,0,0,0,0,0,0,0,0,2,0,0,4,0,2,1,0,0,0,1,0,2,1,0,0,136,0,0,1,0,1,9,0,0,11,7,0,2,2,0,0,0
2405,19.437682,-99.13356,CENTRO,9m,14,0,0,0,0,0,2,0,0,0,0,0,2,0,0,1,0,0,0,0,0,0,0,0,0,1131,0,0,0,0,1,4,0,0,0,5,0,1,1,0,0,0
2406,19.437753,-99.134637,CENTRO,9m,7,0,0,0,0,0,2,0,0,2,0,0,2,0,0,1,0,0,0,0,0,0,0,0,0,1077,0,0,0,1,2,5,0,0,0,4,0,1,2,0,0,0
2407,19.439575,-99.139135,CENTRO,9m,1,0,0,0,0,0,2,0,0,2,0,0,0,0,0,3,0,0,0,1,0,2,1,0,1,269,1,0,0,0,0,1,0,0,0,1,0,0,0,0,0,0
2409,19.438673,-99.123767,CENTRO,9m,0,0,0,0,0,0,1,0,0,0,0,0,0,0,0,0,0,0,0,0,0,0,0,0,0,437,0,0,0,0,0,0,0,0,0,0,0,0,0,0,0,0
2410,19.434661,-99.124374,CENTRO,9m,5,0,0,0,0,0,0,0,0,1,0,0,0,0,0,0,0,0,0,0,1,0,0,0,0,1524,0,0,0,0,0,0,1,0,0,0,0,0,0,0,0,0
2411,19.425677,-99.12571,CENTRO,9m,1,0,0,0,0,0,0,0,0,1,0,0,0,0,0,0,0,0,0,1,5,0,0,0,0,1695,0,2,0,0,0,0,0,0,2,0,0,0,0,0,0,0
2412,19.443592,-99.133984,MORELOS,9m,0,0,0,0,0,0,1,0,0,0,0,0,0,0,1,0,0,0,0,0,1,0,0,0,1,543,0,0,0,0,0,0,0,0,2,0,0,0,0,0,0,0
2413,19.427972,-99.130693,CENTRO,9m,9,0,0,0,0,0,3,0,0,1,0,0,0,0,0,0,0,0,0,1,0,0,0,0,0,1025,0,0,0,0,0,1,1,0,0,0,0,0,0,0,0,0
2414,19.442783,-99.139318,CENTRO,9m,0,0,0,0,0,0,2,0,0,2,0,0,6,0,0,2,0,0,0,0,1,1,0,0,0,113,0,0,0,0,0,0,0,0,4,0,0,0,0,0,0,0
2416,19.440236,-99.125817,CENTRO,9m,0,0,0,0,0,0,4,0,0,0,0,0,0,0,0,1,0,0,0,0,0,0,0,0,0,532,0,0,0,0,0,0,0,0,0,0,0,0,0,0,0,0
2417,19.442506,-99.135374,CENTRO,9m,2,0,0,0,0,0,0,0,0,0,0,0,0,0,0,1,0,0,0,0,3,0,0,0,1,1687,0,0,0,0,0,1,1,0,0,0,0,0,0,0,0,0
2418,19.441882,-99.13604,CENTRO,9m,2,0,0,0,0,0,1,0,0,0,0,0,0,0,0,1,0,0,0,0,2,0,0,0,0,1512,1,0,0,0,0,1,2,0,0,0,0,0,1,0,0,0
2419,19.440805,-99.138555,CENTRO,9m,3,0,0,0,0,0,0,0,0,0,0,0,0,0,0,2,0,0,0,0,1,1,1,0,1,294,1,0,0,0,0,1,1,0,0,1,0,0,0,0,0,0
2421,19.440646,-99.133077,CENTRO,9m,6,0,0,0,0,0,2,0,1,0,0,0,0,0,0,1,0,0,0,1,0,0,0,0,0,435,0,0,0,0,0,1,2,1,0,0,0,0,0,0,0,0
2422,19.440801,-99.131124,CENTRO,9m,3,0,0,0,0,0,2,0,0,0,0,0,0,0,0,0,0,0,0,1,0,0,0,0,0,777,0,0,0,0,0,1,0,0,0,0,0,0,0,0,0,0
2423,19.441766,-99.134163,CENTRO,9m,0,0,0,0,0,0,1,0,1,0,0,0,0,0,0,2,0,0,0,1,0,0,0,0,0,447,0,0,0,0,0,0,1,0,0,0,0,0,0,0,0,0
2424,19.442373,-99.13163,CENTRO,9m,0,0,0,0,0,0,1,0,0,0,0,0,0,0,0,0,0,0,0,0,0,0,0,0,0,726,0,0,0,0,0,0,1,0,4,0,0,0,0,0,0,0
2425,19.440836,-99.137217,CENTRO,9m,3,0,0,0,0,0,1,0,0,0,0,0,0,0,0,2,0,0,0,0,1,0,0,0,0,624,2,0,0,0,0,1,2,0,0,0,0,0,1,0,0,0
2426,19.439742,-99.133752,CENTRO,9m,6,0,0,0,0,0,2,0,0,0,0,0,1,0,0,1,0,0,0,1,0,0,0,0,0,705,0,0,0,1,1,4,1,1,0,1,0,1,1,0,0,0
2428,19.440334,-99.139173,CENTRO,9m,3,0,0,0,0,0,1,0,0,0,0,0,0,0,0,4,0,0,0,1,1,2,1,0,1,235,1,0,0,0,0,1,1,0,0,1,0,0,0,0,0,0
2429,19.437469,-99.127349,CENTRO,9m,0,0,0,0,0,0,2,0,0,2,0,0,0,0,0,0,0,0,0,1,2,0,0,0,0,1260,0,0,0,0,1,0,0,0,0,0,0,0,0,0,0,0
2430,19.436539,-99.125566,CENTRO,9m,0,0,0,0,0,0,0,0,0,2,0,0,0,0,0,0,0,0,0,0,0,0,0,0,0,1756,0,0,0,0,0,0,0,0,0,0,0,0,0,0,0,0
2432,19.436468,-99.124099,CENTRO,9m,1,0,0,0,0,0,1,0,0,2,0,0,0,0,0,0,0,0,0,0,0,0,0,0,0,870,0,0,0,0,0,0,1,0,0,0,0,0,0,0,0,0
2433,19.43278,-99.125144,CENTRO,9m,3,0,0,0,0,0,0,0,0,0,0,0,0,0,0,0,0,0,0,0,1,0,0,0,0,698,0,0,0,0,0,0,1,0,0,0,0,0,0,0,0,0
2434,19.431215,-99.128068,CENTRO,9m,7,0,0,0,0,0,1,0,0,0,0,0,0,0,0,2,0,0,0,1,0,0,0,0,0,780,1,0,0,0,0,0,2,0,0,0,0,0,0,0,0,0
2436,19.426126,-99.128759,CENTRO,9m,0,0,0,0,0,0,0,1,0,0,0,0,1,0,0,2,0,0,0,0,0,0,0,0,0,465,0,0,0,0,0,1,1,0,0,0,0,0,1,0,0,0
2437,19.425612,-99.126834,CENTRO,9m,0,0,0,0,0,0,0,0,0,1,0,0,0,0,0,0,0,0,0,0,1,0,0,0,0,774,0,11,0,0,0,1,0,0,2,0,0,0,1,0,0,0
2438,19.429192,-99.125208,CENTRO,9m,0,0,0,0,0,0,0,0,0,0,0,0,0,0,0,0,0,0,0,1,0,0,0,0,1,1544,1,0,0,0,1,0,0,0,0,0,0,0,0,0,0,0
2439,19.427575,-99.125407,CENTRO,9m,0,0,0,0,0,0,0,0,0,0,0,0,0,0,0,0,0,0,0,1,2,0,0,0,0,1977,0,0,0,0,0,0,0,0,1,0,0,0,0,0,0,0
2440,19.427718,-99.126979,CENTRO,9m,0,0,0,0,0,0,0,0,0,0,0,0,0,0,0,0,0,0,0,0,0,0,0,0,0,663,0,0,0,0,1,0,0,0,0,0,0,0,0,0,0,0
2441,19.429065,-99.12698,CENTRO,9m,0,0,0,0,0,0,0,0,0,0,0,0,0,0,0,1,0,0,0,0,0,0,0,0,0,669,1,0,0,0,2,0,1,0,0,0,0,0,0,0,0,0
2442,19.428656,-99.129447,CENTRO,9m,12,0,0,0,0,0,1,0,0,1,0,0,0,0,0,0,0,0,0,1,0,0,0,0,0,762,0,0,0,0,0,1,2,0,0,0,0,0,0,0,0,0
2443,19.429888,-99.125609,CENTRO,9m,0,0,0,0,0,0,0,0,0,0,0,0,0,0,0,0,0,0,0,1,0,0,0,0,1,653,2,0,0,0,1,0,0,0,0,0,0,0,0,0,0,0
2444,19.428388,-99.125303,CENTRO,9m,0,0,0,0,0,0,0,0,0,0,0,0,0,0,0,0,0,0,0,1,1,0,0,0,0,1966,0,0,0,0,1,0,0,0,0,0,0,0,0,0,0,0
2445,19.426526,-99.126235,CENTRO,9m,0,0,0,0,0,0,0,0,0,1,0,0,0,0,0,0,0,0,0,1,3,0,0,0,0,1332,0,0,0,0,0,0,0,0,2,0,0,0,0,0,0,0
2446,19.426732,-99.127816,CENTRO,9m,0,0,0,0,0,0,0,0,0,0,0,0,0,0,0,0,0,0,0,0,0,0,0,0,0,601,0,0,0,0,1,1,1,0,0,0,0,0,0,0,0,0
2447,19.430022,-99.127362,CENTRO,9m,5,0,0,0,0,0,0,0,0,0,0,0,0,0,0,2,0,0,0,0,0,0,0,0,0,721,1,0,0,0,2,0,2,0,0,0,0,0,0,0,0,0
2448,19.430221,-99.128315,CENTRO,9m,6,0,0,0,0,0,0,0,0,1,0,0,0,0,0,2,0,0,0,1,0,0,0,0,0,741,1,0,0,0,0,0,2,0,0,0,0,0,0,0,0,0
2449,19.429271,-99.128514,CENTRO,9m,12,0,0,0,0,0,0,0,0,1,0,0,0,0,0,1,0,0,0,0,0,0,0,0,0,733,1,0,0,0,1,0,1,0,0,0,0,0,0,0,0,0
2451,19.427726,-99.128579,CENTRO,9m,8,0,0,0,0,0,1,0,0,1,0,0,0,0,0,0,0,0,0,0,0,0,0,0,0,694,0,0,0,0,1,0,2,0,0,0,0,0,0,0,0,0
2452,19.424275,-99.126629,CENTRO,9m,3,0,0,0,0,0,0,0,0,2,0,0,0,0,0,0,0,0,0,0,2,0,0,0,0,546,0,15,0,0,0,1,1,0,0,0,0,0,1,0,0,0
2454,19.43485,-99.125232,CENTRO,9m,3,0,0,0,0,0,1,0,0,0,0,0,0,0,0,0,0,0,0,0,1,0,0,0,0,1840,0,0,0,0,0,0,1,0,0,0,0,0,0,0,0,0
2455,19.432996,-99.127002,CENTRO,9m,1,0,0,0,0,0,3,0,0,0,0,0,0,0,0,2,0,0,0,2,0,0,0,0,1,876,0,0,0,0,0,2,1,0,0,0,0,1,0,0,0,0
2456,19.438932,-99.128531,CENTRO,9m,0,0,0,0,0,0,4,1,0,0,0,0,1,0,0,2,0,0,0,0,1,0,0,0,0,918,0,0,0,0,1,0,0,0,0,0,0,0,0,0,0,0
2457,19.437021,-99.145925,ALAMEDA,9m,11,0,0,0,0,0,0,0,0,5,0,0,19,0,0,2,0,0,0,1,0,2,0,0,0,128,0,0,2,0,1,3,0,0,7,2,0,0,2,0,0,0
2459,19.435042,-99.133739,ALAMEDA,9m,14,0,0,0,0,0,0,0,0,0,0,0,2,0,0,0,0,0,0,1,0,0,1,0,0,1352,1,0,0,0,2,10,2,0,0,3,0,0,3,0,0,0
2460,19.43212,-99.125649,CENTRO,9m,3,0,0,0,0,0,1,0,0,0,0,0,0,0,0,1,0,0,0,1,0,0,0,0,1,811,0,0,0,0,0,0,2,0,0,0,0,0,0,0,0,0
2461,19.424401,-99.128081,CENTRO,9m,0,0,0,0,0,0,0,1,0,0,0,0,0,0,0,0,0,0,0,0,0,0,0,0,0,277,0,15,0,0,0,1,1,0,0,0,0,0,1,0,0,0
2463,19.438774,-99.13538,CENTRO,9m,0,0,0,0,0,0,2,0,0,2,0,0,0,0,0,0,0,0,0,0,0,0,0,0,0,520,0,0,0,1,1,2,1,1,0,1,0,0,1,0,0,0
2464,19.437544,-99.135675,CENTRO,9m,5,0,0,0,0,0,3,0,0,2,0,0,0,0,0,0,0,0,0,0,0,0,0,0,0,974,0,0,0,0,1,2,0,0,0,2,0,1,1,0,0,0
2465,19.439694,-99.125083,CENTRO,9m,0,0,0,0,0,0,3,0,0,0,0,0,0,0,0,1,0,0,0,0,0,0,0,0,0,517,0,0,0,0,0,0,0,0,0,0,0,0,0,0,0,0
2466,19.437588,-99.125434,CENTRO,9m,0,0,0,0,0,0,1,0,0,2,0,0,0,0,0,0,0,0,0,0,0,0,0,0,0,1097,0,0,0,0,0,0,0,0,0,0,0,0,0,0,0,0
2467,19.441691,-99.124827,CENTRO,9m,0,0,0,0,0,0,2,0,0,0,0,0,0,0,0,0,0,0,0,1,0,0,0,0,0,336,0,0,0,0,0,0,0,0,4,0,0,0,0,0,0,0
2469,19.441823,-99.130905,CENTRO,9m,1,0,0,0,0,0,1,0,0,0,0,0,0,0,0,0,0,0,0,0,0,0,0,0,0,1424,0,0,0,0,0,0,0,0,2,0,0,0,0,0,0,0
2470,19.434227,-99.137149,ALAMEDA,9m,31,0,2,0,0,0,0,0,0,0,0,0,0,3,0,0,0,0,0,1,0,0,1,0,0,1787,4,0,0,0,1,6,2,0,4,2,0,0,2,0,0,0
2471,19.443258,-99.132707,CENTRO,9m,0,0,0,0,0,0,1,0,0,0,0,0,0,0,1,0,0,0,0,0,0,0,0,0,0,320,0,0,0,0,0,0,1,0,4,0,0,0,0,0,0,0
2472,19.442043,-99.138832,CENTRO,9m,1,0,0,0,0,0,1,0,0,1,0,0,0,0,0,1,0,0,0,0,1,1,0,0,0,572,0,0,0,0,0,2,1,0,2,1,0,0,1,0,0,0
2473,19.44208,-99.137174,CENTRO,9m,5,0,0,0,0,0,0,0,0,0,0,0,0,0,0,1,0,0,0,0,3,0,0,0,0,1221,1,0,0,0,0,1,2,0,1,0,0,0,1,0,0,0
2474,19.443182,-99.137899,CENTRO,9m,2,0,0,0,0,0,0,0,0,1,0,0,1,0,0,2,0,0,0,0,3,1,0,0,0,1371,0,0,0,0,0,1,1,0,6,0,0,0,1,0,0,0
2475,19.437073,-99.124862,CENTRO,9m,0,0,0,0,0,0,1,0,0,2,0,0,0,0,0,0,0,0,0,0,0,0,0,0,0,1155,0,0,0,0,0,0,0,0,0,0,0,0,0,0,0,0
2476,19.439586,-99.137448,CENTRO,9m,3,0,0,0,0,0,3,0,0,0,0,0,0,0,0,1,0,0,0,0,0,0,0,0,1,334,2,0,0,0,0,0,2,0,0,0,0,0,0,0,0,0
2477,19.438355,-99.138895,CENTRO,9m,1,0,0,0,0,0,3,0,0,2,0,0,1,0,1,2,0,0,0,1,0,1,0,0,1,291,1,0,0,0,0,0,3,0,4,0,0,0,1,0,0,0
2478,19.442077,-99.128886,CENTRO,9m,0,0,0,0,0,0,3,0,0,0,0,0,0,0,0,1,0,0,0,1,1,0,0,0,0,936,0,0,0,0,0,0,0,0,0,0,0,0,0,0,0,0
2479,19.443861,-99.136938,MORELOS,9m,2,0,0,0,0,0,2,0,0,0,0,0,2,0,0,0,0,0,0,0,1,0,0,0,1,1289,0,0,0,0,0,1,1,0,5,0,0,0,1,0,0,0
2480,19.443717,-99.135327,MORELOS,9m,2,0,0,0,0,0,1,0,0,0,0,0,0,0,1,0,0,0,0,0,2,0,0,0,1,1279,0,0,0,0,1,0,0,0,2,0,0,0,0,0,0,0
2481,19.442731,-99.124828,MORELOS,9m,0,0,0,0,0,0,2,0,0,0,0,0,0,0,0,1,0,0,0,1,0,0,0,0,0,274,0,0,0,0,0,0,0,0,4,0,0,0,0,0,0,0
2483,19.441942,-99.127428,CENTRO,9m,0,0,0,0,0,0,3,0,0,0,0,0,0,0,0,1,0,0,0,1,0,0,0,0,0,478,0,0,0,0,0,0,0,0,0,0,0,0,0,0,0,0
2484,19.437344,-99.137732,ALAMEDA,9m,2,0,0,0,0,0,2,0,0,1,0,0,1,0,3,0,0,0,0,1,0,0,0,0,0,350,1,0,0,1,0,0,2,0,1,0,0,0,1,0,0,0
2485,19.436499,-99.131558,CENTRO,9m,5,0,0,0,0,0,0,0,0,2,0,0,2,0,1,0,0,0,0,0,0,0,0,0,0,539,0,0,0,0,0,9,1,0,0,4,0,0,0,1,0,0
2486,19.434712,-99.140178,ALAMEDA,9m,21,0,0,0,0,0,3,0,0,0,0,0,4,0,1,1,0,0,0,2,0,1,1,0,0,956,3,0,1,0,2,14,0,0,3,11,0,2,2,0,0,0
2489,19.436324,-99.136131,ALAMEDA,9m,6,0,0,0,0,0,0,0,0,2,0,0,0,2,1,0,0,0,0,1,0,0,0,0,0,1401,1,0,0,1,1,2,1,0,4,0,0,1,2,0,0,0
2490,19.435935,-99.133257,CENTRO,9m,16,0,0,0,0,0,1,0,0,0,0,0,2,0,0,1,0,0,0,0,0,0,1,0,0,1336,1,0,0,0,2,7,2,0,0,5,0,0,2,0,0,0
2491,19.437605,-99.139076,CENTRO,9m,2,0,0,0,0,0,1,0,0,2,0,0,2,0,3,2,0,0,0,2,0,2,1,0,0,272,1,0,1,0,0,3,3,0,4,2,0,1,2,0,0,0
2492,19.435465,-99.136711,ALAMEDA,9m,3,0,0,0,0,0,0,0,0,0,0,0,0,3,1,0,0,0,0,1,0,0,0,0,0,1157,2,0,0,1,0,6,1,0,4,1,0,1,0,0,0,0
2493,19.434526,-99.134948,ALAMEDA,9m,14,0,1,0,0,0,0,0,0,0,0,0,1,1,0,0,0,0,0,1,0,0,1,0,0,1831,3,0,0,0,1,8,1,0,0,3,0,0,3,0,0,0
2494,19.433621,-99.130851,ALAMEDA,9m,6,0,0,0,0,0,2,0,0,0,0,0,0,0,3,0,0,0,0,1,0,0,0,0,0,482,0,0,0,0,3,18,0,0,3,8,1,3,1,1,0,0
2495,19.434775,-99.140893,ALAMEDA,9m,13,0,0,0,0,0,2,0,0,1,0,0,3,0,1,0,0,0,0,2,0,2,0,0,0,853,3,0,0,0,2,8,0,0,6,8,0,1,3,0,0,0
2496,19.434388,-99.138482,ALAMEDA,9m,27,0,0,0,0,0,2,0,0,0,0,0,1,2,0,0,0,0,0,1,0,0,0,0,0,1343,3,0,0,0,1,10,1,0,2,6,0,0,0,0,0,0
2497,19.434074,-99.135596,ALAMEDA,9m,10,0,3,0,0,0,0,0,0,0,0,0,1,3,0,0,0,0,0,1,0,0,1,0,0,2134,3,0,0,0,1,7,0,0,0,2,0,0,3,0,0,0
2498,19.433724,-99.132347,ALAMEDA,9m,4,0,0,0,0,0,0,0,0,0,0,0,1,0,3,1,0,0,0,2,0,0,1,0,0,353,0,0,0,1,4,18,0,0,4,6,0,2,2,1,0,0
2501,19.433936,-99.139377,ALAMEDA,9m,34,0,0,0,0,0,2,0,0,0,0,0,2,0,0,0,0,0,0,2,0,1,0,0,0,1411,4,0,0,0,1,6,1,0,0,7,0,0,1,0,0,0
2502,19.433513,-99.137262,ALAMEDA,9m,29,0,2,0,0,0,0,0,0,0,0,0,0,2,0,0,0,0,0,1,0,0,1,0,0,1560,4,0,0,0,1,7,2,0,0,2,0,0,2,0,0,0
2503,19.433388,-99.135204,ALAMEDA,9m,10,0,3,0,0,0,0,0,0,0,0,0,1,0,0,0,0,0,0,1,0,0,1,0,0,1719,2,0,0,0,1,7,0,0,0,2,0,0,3,0,0,0
2504,19.431281,-99.136613,ALAMEDA,9m,26,0,1,0,0,0,1,0,0,2,0,0,0,0,0,0,0,0,0,1,0,0,1,0,0,660,5,0,1,0,3,5,1,0,0,0,0,1,3,0,0,0
2505,19.432759,-99.141234,ALAMEDA,9m,9,0,0,0,0,0,1,0,0,0,0,0,2,0,0,0,0,0,0,2,0,4,0,0,0,1798,6,0,0,0,1,2,2,0,4,3,0,0,1,0,0,0
2506,19.432499,-99.139529,ALAMEDA,9m,32,0,1,0,0,0,2,0,0,0,0,0,2,0,0,0,0,0,0,2,0,1,0,0,0,968,4,0,0,0,1,4,3,0,1,4,0,0,1,0,0,0
2507,19.432499,-99.138576,ALAMEDA,9m,44,0,0,0,0,0,2,0,0,0,0,0,2,0,0,0,0,0,0,0,0,0,0,0,0,960,4,0,0,0,0,3,2,0,0,1,0,0,0,0,0,0
2508,19.432238,-99.13728,ALAMEDA,9m,46,0,2,0,0,0,1,0,0,0,0,0,1,0,0,0,0,0,0,1,0,0,1,0,0,1083,5,0,1,0,2,7,3,0,0,1,0,1,3,0,0,0
2510,19.433813,-99.134071,ALAMEDA,9m,11,0,1,0,0,0,0,0,0,0,0,0,1,0,0,1,0,0,0,2,0,0,1,0,0,1555,1,0,0,1,1,6,1,0,2,3,0,0,2,0,0,0
2511,19.432095,-99.13528,ALAMEDA,9m,24,0,2,0,0,0,0,0,0,0,0,0,0,0,1,0,0,0,0,1,0,0,1,0,0,1222,4,0,0,0,1,8,1,0,0,1,0,1,5,0,0,0
2512,19.433298,-99.134128,ALAMEDA,9m,10,0,1,0,0,0,0,0,0,0,0,0,1,0,1,1,0,0,0,2,0,0,1,0,0,1460,3,0,0,1,0,6,0,0,2,3,0,0,3,0,0,0
2513,19.430697,-99.132259,ALAMEDA,9m,22,0,0,0,0,0,0,0,0,1,0,0,1,0,5,0,0,0,0,2,0,0,0,0,0,465,5,0,0,0,0,3,0,0,3,1,0,0,1,0,0,0
2514,19.430153,-99.133754,ALAMEDA,9m,18,0,0,0,0,0,1,1,0,2,0,0,1,0,4,0,0,0,0,3,0,0,0,0,0,656,6,0,0,0,0,5,0,0,0,3,0,0,3,0,0,0
2515,19.431084,-99.134545,ALAMEDA,9m,14,0,0,0,0,0,0,0,0,0,0,0,0,0,4,0,0,0,0,1,0,0,0,0,0,778,6,0,0,0,0,2,1,0,0,0,0,0,2,0,0,0
2516,19.430288,-99.134602,ALAMEDA,9m,12,0,0,0,0,0,0,0,0,1,0,0,1,0,1,0,0,0,0,1,0,0,0,0,0,637,6,0,0,0,0,2,1,0,0,1,0,0,2,0,0,0
2518,19.430031,-99.139898,ALAMEDA,9m,6,0,1,0,0,0,5,0,0,3,0,0,0,0,0,0,0,0,0,0,0,1,0,0,0,1928,0,0,0,0,1,6,1,0,1,0,0,0,2,0,0,0
2520,19.430945,-99.138689,ALAMEDA,9m,23,0,1,0,0,0,1,0,0,2,0,0,2,0,0,0,0,0,0,0,0,0,0,0,0,726,2,0,1,0,3,4,3,0,0,0,0,0,1,0,0,0
2521,19.428737,-99.130495,CENTRO,9m,15,0,0,0,0,0,2,0,0,1,0,0,0,0,0,0,0,0,0,1,0,0,0,0,0,646,0,0,0,0,0,1,1,0,0,1,0,0,0,0,0,0
2522,19.429411,-99.134858,ALAMEDA,9m,5,0,0,0,0,0,1,1,0,3,0,0,1,0,0,0,0,0,0,2,0,0,0,0,0,611,3,0,0,0,0,1,2,0,0,2,0,0,0,0,0,0
2523,19.42925,-99.13261,ALAMEDA,9m,14,0,0,0,0,0,2,1,0,2,0,0,1,0,0,0,0,0,0,2,0,0,0,0,0,1078,3,0,0,0,0,3,0,0,0,3,0,0,1,0,0,0
2524,19.429479,-99.141431,ALAMEDA,9m,4,0,1,0,0,0,4,0,0,3,0,0,0,0,0,0,0,0,0,0,1,3,0,0,0,2276,0,0,0,0,0,2,1,0,2,0,0,0,1,0,0,0
2525,19.428515,-99.136953,ALAMEDA,9m,0,0,0,0,0,0,1,0,0,2,0,0,0,0,0,0,0,0,0,1,0,0,0,0,0,372,0,0,0,0,3,3,2,0,0,0,0,0,0,0,0,0
2526,19.4284,-99.133819,ALAMEDA,9m,13,0,0,0,0,0,3,1,0,2,0,0,1,0,0,0,0,0,0,1,0,0,0,0,0,1124,1,0,0,0,0,3,2,0,0,2,0,0,1,0,0,0
2527,19.428166,-99.132571,CENTRO,9m,11,0,0,0,0,0,6,1,0,2,0,0,1,0,0,0,0,0,0,1,0,0,0,0,0,1079,2,0,0,0,0,2,0,0,0,3,0,0,1,0,0,0
2528,19.428206,-99.139115,ALAMEDA,9m,0,0,0,0,0,0,5,0,0,0,0,0,0,0,0,0,0,0,0,1,0,0,0,0,0,507,0,0,0,0,1,9,0,0,0,0,0,0,1,0,0,0
2529,19.427658,-99.135085,ALAMEDA,9m,7,0,0,0,0,0,4,0,0,0,0,0,1,0,0,0,0,0,0,0,0,0,0,0,0,526,0,0,0,0,1,1,2,0,0,1,0,0,1,0,0,0
2530,19.425844,-99.131426,CENTRO,9m,3,0,1,0,0,0,3,0,0,2,0,0,1,0,0,3,0,0,0,0,1,0,0,0,0,830,0,0,0,0,0,0,1,0,3,0,0,0,0,1,0,0
2532,19.427041,-99.137131,ALAMEDA,9m,12,0,0,0,0,0,1,0,0,0,0,0,1,0,0,0,0,1,0,0,0,0,0,0,0,351,0,0,0,0,2,5,3,0,2,0,0,0,1,0,0,0
2533,19.426746,-99.134237,ALAMEDA,9m,8,0,0,0,0,0,4,0,0,1,0,0,1,0,0,1,0,0,0,1,0,0,0,0,0,668,0,0,0,0,0,1,2,0,3,0,0,0,1,0,0,0
2534,19.426552,-99.139323,ALAMEDA,9m,10,0,0,0,0,0,0,0,0,0,0,0,0,0,0,0,0,0,0,1,0,0,0,0,0,344,0,0,0,0,0,4,0,0,2,0,0,0,0,0,0,0
2535,19.425887,-99.135265,ALAMEDA,9m,19,0,0,0,0,0,2,0,0,1,0,0,1,0,0,0,0,2,0,1,0,0,0,0,1,483,0,0,0,0,0,2,2,0,0,0,0,0,1,0,0,0
2537,19.425953,-99.130616,CENTRO,9m,2,0,0,0,0,0,3,0,0,2,0,0,1,0,0,3,0,0,0,0,1,0,0,0,0,490,0,0,0,0,0,0,2,0,0,0,0,0,0,0,0,0
2538,19.425135,-99.137417,ALAMEDA,9m,20,0,0,0,0,0,2,0,0,0,0,0,0,0,0,0,0,2,0,0,0,0,0,0,1,309,0,0,0,0,0,3,2,0,2,0,0,0,0,0,0,0
2539,19.424649,-99.134292,ALAMEDA,9m,9,0,1,0,0,0,1,0,1,1,0,0,0,0,1,1,0,0,0,2,0,0,0,0,1,640,0,0,0,0,0,0,2,0,3,0,0,0,0,1,0,0
2541,19.429877,-99.138687,ALAMEDA,9m,6,0,1,0,0,0,3,0,0,3,0,0,0,0,0,0,0,0,0,0,0,0,0,0,0,841,1,0,1,0,3,6,1,0,0,0,0,0,2,0,0,0
2542,19.435371,-99.12969,ALAMEDA,9m,1,0,0,0,0,0,4,0,0,0,0,0,1,0,0,0,0,0,0,0,0,0,0,0,1,562,0,0,0,0,2,8,0,0,0,4,1,2,0,1,0,0
2543,19.433283,-99.12986,CENTRO,9m,6,0,0,0,0,0,3,0,0,0,0,0,0,0,2,0,0,0,0,1,0,0,0,0,1,756,0,0,0,0,3,12,0,0,0,7,1,3,0,0,0,0
2544,19.43134,-99.13024,ALAMEDA,9m,21,0,0,0,0,0,0,0,0,0,0,0,0,0,4,0,0,0,0,1,0,0,0,0,0,642,1,0,0,0,0,2,0,0,0,1,0,0,0,0,0,0
2546,19.443679,-99.125696,MORELOS,9m,0,0,0,0,0,0,1,0,0,0,0,0,0,0,0,0,0,0,0,0,0,0,0,0,0,462,0,0,0,0,0,0,0,0,2,0,0,0,0,0,0,0
2547,19.446722,-99.125322,MORELOS,9m,0,0,0,0,0,0,1,0,0,0,0,0,0,0,0,0,0,0,0,0,0,0,0,0,0,299,0,0,0,0,0,0,0,1,0,0,0,0,0,0,0,0
2548,19.449543,-99.127225,MORELOS,9m,0,0,0,0,0,0,0,0,0,0,0,0,0,0,0,0,0,0,0,1,0,0,0,0,1,96,1,0,0,0,0,0,0,0,0,0,0,0,0,0,0,0
2549,19.449741,-99.128625,MORELOS,9m,0,0,0,0,0,0,2,0,0,0,0,0,0,0,0,0,0,0,0,1,0,0,0,0,1,165,1,0,0,0,0,0,0,0,0,0,0,0,0,0,0,0
2551,19.450353,-99.131713,MORELOS,9m,0,0,0,0,0,1,5,0,1,2,1,0,3,0,0,1,0,0,0,0,0,2,0,0,0,222,0,2,0,0,0,1,0,0,0,0,0,0,0,0,0,0
2552,19.448988,-99.132312,MORELOS,9m,0,0,0,0,0,0,5,0,0,2,0,0,2,0,0,1,0,0,0,1,0,2,0,0,0,140,1,0,0,0,0,1,0,0,0,0,0,0,1,0,0,0
2553,19.447218,-99.130281,MORELOS,9m,0,0,0,0,0,0,3,0,0,0,0,0,0,0,0,1,0,0,0,0,1,0,0,0,1,470,0,0,0,0,0,0,0,0,0,0,0,0,0,0,0,0
2554,19.447056,-99.129185,MORELOS,9m,0,0,0,0,0,0,1,0,0,0,0,0,0,0,0,0,0,0,0,0,3,0,0,0,1,1260,0,0,0,0,0,0,0,0,0,0,0,0,0,0,0,0
2555,19.448113,-99.130272,MORELOS,9m,0,0,0,0,0,0,3,0,0,0,0,0,0,0,0,1,0,0,0,0,1,0,0,0,1,185,0,0,0,0,0,0,0,0,0,0,0,0,0,0,0,0
2556,19.448765,-99.128748,MORELOS,9m,0,0,0,0,0,0,1,0,0,0,0,0,0,0,0,0,0,0,0,1,0,0,0,0,2,384,1,0,0,0,0,0,0,0,0,0,0,0,0,0,0,0
2557,19.447609,-99.127671,MORELOS,9m,0,0,0,0,0,0,1,0,0,0,0,0,0,0,0,0,0,0,0,0,3,0,0,0,1,1185,0,0,0,0,0,0,0,0,0,0,0,0,0,0,0,0
2558,19.447834,-99.128929,MORELOS,9m,0,0,0,0,0,0,1,0,0,0,0,0,0,0,0,0,0,0,0,0,2,0,0,0,1,968,1,0,0,0,0,0,0,0,0,0,0,0,0,0,0,0
2560,19.44418,-99.132794,MORELOS,9m,0,0,0,0,0,0,1,0,0,0,0,0,0,0,1,0,0,0,0,0,1,0,0,0,0,221,0,0,0,0,0,0,0,0,4,0,0,0,0,0,0,0
2561,19.445017,-99.12462,MORELOS,9m,0,0,0,0,0,0,0,0,0,0,0,0,0,0,0,0,0,0,0,0,0,0,0,0,0,325,0,0,0,0,0,0,0,0,0,0,0,0,0,0,0,0
2562,19.442918,-99.127429,CENTRO,9m,0,0,0,0,0,0,1,0,0,0,0,0,0,0,0,0,0,0,0,0,1,0,0,0,0,484,0,0,0,0,0,0,0,0,0,0,0,0,0,0,0,0
2563,19.444959,-99.129546,MORELOS,9m,0,0,0,0,0,0,2,0,0,0,0,0,0,0,0,0,0,0,0,0,0,0,0,0,0,293,0,0,0,0,0,0,0,1,0,0,0,0,0,0,0,0
2565,19.443097,-99.130754,CENTRO,9m,0,0,0,0,0,0,1,0,0,0,0,0,0,0,0,0,0,0,0,0,1,0,0,0,0,1030,0,0,0,0,0,0,0,1,4,0,0,0,0,0,0,0
2566,19.444939,-99.132804,MORELOS,9m,0,0,0,0,0,0,2,0,0,0,0,0,0,0,1,1,0,0,0,0,0,0,0,0,0,168,0,0,0,0,0,0,0,0,1,0,0,0,0,0,0,0
2567,19.450168,-99.125615,MORELOS,9m,0,0,0,0,0,0,2,0,0,0,0,0,0,0,0,0,0,0,0,0,0,0,0,0,0,71,0,0,0,0,0,0,0,0,0,0,0,0,0,0,0,0
2568,19.445854,-99.129451,MORELOS,9m,0,0,0,0,0,0,1,0,0,0,0,0,0,0,0,0,0,0,0,0,1,0,0,0,0,938,0,0,0,0,0,0,0,0,0,0,0,0,0,0,0,0
2569,19.450942,-99.129941,MORELOS,9m,0,0,0,0,0,1,3,0,1,0,1,0,0,0,0,0,0,0,0,0,0,0,0,0,0,222,0,0,0,0,0,1,0,0,0,0,0,0,0,0,0,0
2570,19.450762,-99.12834,MORELOS,9m,0,0,0,0,0,0,1,0,0,0,0,0,0,0,0,0,0,0,0,1,0,0,0,0,1,138,1,0,0,0,0,0,0,0,0,0,0,0,0,0,0,0
2571,19.452117,-99.129799,MORELOS,9m,2,0,0,0,0,1,1,0,1,2,1,0,0,0,0,1,0,0,0,0,0,1,0,0,0,149,1,0,0,0,0,1,0,0,0,0,0,0,0,0,0,0
2572,19.451939,-99.124959,MORELOS,9m,2,0,0,0,0,0,0,0,0,0,0,0,0,0,0,0,0,0,0,0,0,0,0,0,0,82,0,1,0,0,0,0,1,0,0,0,0,0,0,0,0,0
3753,19.424258,-99.125624,CONGRESO,9m,3,0,0,0,0,0,0,0,0,3,0,0,0,0,0,0,0,0,0,0,4,0,0,0,0,1481,0,15,0,0,0,0,1,0,2,0,0,0,0,0,0,0
3771,19.440203,-99.121225,CONGRESO,9m,0,0,0,0,0,0,2,0,0,0,0,0,0,0,0,0,0,0,0,0,0,0,0,0,0,121,1,2,0,0,1,0,1,0,1,0,0,0,0,0,0,0
3778,19.428082,-99.123931,CONGRESO,9m,0,0,0,0,0,0,0,0,0,0,0,0,0,0,0,0,0,0,0,1,3,0,0,0,0,3200,1,9,0,0,1,0,0,0,0,0,0,0,0,0,0,0
3782,19.42265,-99.123774,CONGRESO,9m,4,0,0,0,0,0,0,0,0,1,0,0,0,0,0,0,0,0,0,0,2,0,0,0,0,806,0,0,0,0,0,0,2,0,0,0,0,0,0,0,0,0
3784,19.425038,-99.121862,CONGRESO,9m,0,0,0,0,0,0,0,0,0,0,0,1,0,0,0,0,0,0,0,0,1,0,0,0,0,1751,0,9,0,0,1,0,0,0,0,0,0,0,0,0,0,0
3786,19.429771,-99.124475,CONGRESO,9m,0,0,0,0,0,0,0,0,0,0,0,1,0,0,0,0,0,0,0,1,0,0,0,0,1,888,1,5,0,0,1,0,0,0,0,0,0,0,0,0,0,0
3805,19.42772,-99.110842,CONGRESO,9m,8,0,0,0,0,0,1,0,0,2,0,0,0,0,1,0,0,0,0,0,0,0,0,0,0,177,2,1,0,0,0,0,0,0,4,0,0,0,0,0,0,0
3872,19.420893,-99.116829,CONGRESO,9m,0,0,0,1,0,0,1,0,0,0,0,0,1,0,0,1,0,0,0,0,0,0,0,0,0,123,0,0,0,0,0,0,0,0,0,0,0,0,0,0,0,0
3877,19.427993,-99.121768,CONGRESO,9m,0,0,0,0,0,1,0,0,1,0,1,0,0,0,1,0,0,0,0,1,1,0,0,0,0,2363,0,32,0,0,1,0,0,0,1,0,0,0,0,0,0,0
3879,19.433749,-99.122506,CONGRESO,9m,2,0,0,0,0,0,1,0,0,0,0,0,0,0,0,0,0,0,0,0,0,0,0,0,0,187,0,4,0,0,0,0,1,0,0,0,0,0,0,0,0,0
3881,19.431724,-99.123829,CONGRESO,9m,2,0,0,0,0,0,0,0,0,0,0,0,0,0,0,0,0,0,0,1,0,0,0,0,1,602,0,2,0,0,0,0,1,0,0,0,0,0,0,0,0,0
3941,19.436842,-99.118479,CONGRESO,9m,0,0,0,0,0,0,2,0,0,2,0,0,0,0,0,0,0,0,0,0,0,0,0,0,0,60,0,2,0,0,0,0,0,0,0,0,0,0,0,0,0,0
3943,19.430434,-99.119436,CONGRESO,9m,0,0,0,0,0,0,1,0,0,0,0,1,1,0,0,1,0,0,0,0,0,0,0,0,0,32,0,15,0,0,0,1,0,1,4,0,0,0,0,0,0,0
3950,19.430265,-99.115226,CONGRESO,9m,3,1,0,0,0,0,0,0,0,4,0,0,0,0,0,0,0,0,0,0,0,0,0,0,0,33,0,0,0,0,0,0,1,0,1,0,0,0,0,0,0,0
3969,19.430883,-99.124181,CONGRESO,9m,0,0,0,0,0,0,0,0,0,0,0,1,0,0,0,0,0,0,0,2,0,0,0,0,1,834,1,5,0,0,1,0,0,0,0,0,0,0,0,0,0,0
4008,19.426547,-99.121691,CONGRESO,9m,0,0,0,0,0,1,0,0,1,0,1,1,0,0,0,0,0,0,0,0,2,0,0,0,0,2712,0,10,0,0,1,0,0,0,0,0,0,0,0,0,0,0
4017,19.430487,-99.121427,CONGRESO,9m,0,0,0,0,0,0,0,0,0,0,0,2,1,0,0,1,0,0,0,1,0,0,0,0,0,294,0,48,0,0,0,0,0,0,2,0,0,0,0,0,0,0
4018,19.423889,-99.123518,CONGRESO,9m,5,0,0,0,0,0,0,0,0,1,0,0,0,0,0,0,0,0,0,0,2,0,0,0,0,1358,0,0,0,0,0,0,1,0,0,0,0,0,0,0,0,0
4019,19.435839,-99.118564,CONGRESO,9m,0,0,0,0,0,0,0,0,0,3,0,0,0,0,0,0,0,0,0,0,0,0,0,0,0,68,1,0,0,0,0,0,0,0,0,0,0,0,0,0,0,0
5343,19.434922,-99.14979,ALAMEDA,9m,16,0,0,0,0,0,1,0,0,2,0,0,5,0,0,0,0,0,0,0,0,2,0,0,0,266,0,0,0,0,0,1,1,0,0,0,0,0,1,0,0,0
5439,19.433143,-99.132598,ALAMEDA,9m,7,0,0,0,0,0,0,0,0,0,0,0,1,0,6,1,0,0,0,2,0,0,0,0,0,302,0,0,0,1,1,12,0,0,6,4,0,1,2,0,0,0
5934,19.443353,-99.139004,CENTRO,9m,0,0,0,0,0,0,0,0,0,2,0,0,3,0,0,2,0,0,0,0,1,2,0,0,0,213,0,0,0,0,0,1,0,0,5,0,0,0,0,0,0,0
6145,19.43618,-99.122127,CONGRESO,9m,0,0,0,0,0,0,3,0,0,3,0,0,0,0,0,0,0,0,0,0,0,0,0,0,0,207,0,0,0,0,0,0,1,0,0,0,0,0,0,0,0,0
6192,19.438664,-99.140033,CENTRO,9m,1,0,0,0,0,0,3,0,0,2,0,0,0,0,0,1,0,0,0,1,1,3,0,0,1,303,0,0,0,0,0,0,1,0,4,0,0,0,0,0,0,0
6194,19.442477,-99.133031,CENTRO,9m,0,0,0,0,0,0,1,0,1,0,0,0,0,0,0,1,0,0,0,1,0,0,0,0,0,332,0,0,0,0,0,0,1,0,4,0,0,0,0,0,0,0
6195,19.450012,-99.129966,MORELOS,9m,0,0,0,0,0,0,3,0,0,0,0,0,0,0,0,0,0,0,0,1,0,0,0,0,0,260,1,0,0,0,0,0,0,0,0,0,0,0,0,0,0,0
6196,19.434498,-99.129654,CENTRO,9m,2,0,0,0,0,0,5,0,0,0,0,0,1,0,0,0,0,0,0,1,0,0,0,0,1,724,0,0,0,0,4,13,0,0,0,7,1,3,0,1,0,0
6198,19.440701,-99.128403,CENTRO,9m,3,0,0,0,0,0,3,0,0,0,0,0,1,0,0,1,0,0,0,1,0,0,0,0,0,686,0,0,0,0,0,0,0,0,0,0,0,0,0,0,0,0
6199,19.429452,-99.150312,ALAMEDA,9m,1,0,0,0,0,0,3,0,0,0,0,0,2,0,0,1,0,0,0,0,0,0,0,0,0,77,0,0,0,0,1,3,0,0,0,0,0,0,1,0,0,0
6639,19.424297,-99.131005,CENTRO,9m,2,0,0,0,0,0,1,1,1,2,0,0,1,0,0,3,0,0,0,0,1,0,0,0,0,322,0,5,0,0,0,0,2,0,1,0,0,0,0,0,0,0
6640,19.443232,-99.12963,MORELOS,9m,0,0,0,0,0,0,1,0,0,0,0,0,0,0,0,0,0,0,0,0,1,0,0,0,0,1181,0,0,0,0,0,0,0,1,2,0,0,0,0,0,0,0
6657,19.433282,-99.128906,CENTRO,9m,3,0,0,0,0,0,4,0,0,0,0,0,0,0,0,0,0,0,0,2,0,0,0,0,1,915,0,0,0,0,1,6,0,0,0,3,0,2,0,0,0,0
6666,19.442824,-99.126216,MORELOS,9m,0,0,0,0,0,0,1,0,0,0,0,0,0,0,0,0,0,0,0,0,0,0,0,0,0,371,0,0,0,0,0,0,0,0,2,0,0,0,0,0,0,0
6669,19.438243,-99.131345,CENTRO,9m,2,0,0,0,0,0,4,0,0,2,0,0,0,0,1,0,0,0,0,0,0,0,0,0,0,1078,0,0,0,0,0,2,0,0,0,1,0,0,0,0,0,0
6670,19.441544,-99.123022,CENTRO,9m,0,0,0,0,0,0,2,0,0,0,0,0,0,0,0,0,0,0,0,1,0,0,0,0,0,170,0,0,0,0,1,0,0,0,2,0,0,0,0,0,0,0
6673,19.435191,-99.127661,CENTRO,9m,1,0,0,0,0,0,5,0,0,2,0,0,0,0,0,2,0,0,0,2,0,0,0,0,1,1031,0,0,0,0,1,1,0,0,0,0,0,0,0,0,0,0
6679,19.436876,-99.133715,CENTRO,9m,14,0,0,0,0,0,2,0,0,0,0,0,3,0,0,1,0,0,0,0,0,0,0,0,0,1262,0,0,0,0,1,7,2,0,0,6,0,1,2,0,0,0
6680,19.438981,-99.129065,CENTRO,9m,3,0,0,0,0,0,3,1,0,0,0,0,1,0,0,1,0,0,0,0,0,0,0,0,0,838,0,0,0,0,1,1,0,0,0,0,0,0,0,0,0,0
6681,19.436046,-99.127509,CENTRO,9m,0,0,0,0,0,0,4,0,0,2,0,0,0,0,0,1,0,0,0,2,2,0,0,0,0,1239,0,0,0,0,2,2,0,0,0,0,0,0,0,0,0,0
6682,19.449189,-99.130146,MORELOS,9m,0,0,0,0,0,0,4,0,0,0,0,0,0,0,0,1,0,0,0,1,0,0,0,0,0,214,0,0,0,0,0,0,0,0,0,0,0,0,0,0,0,0
6686,19.4387,-99.125214,CENTRO,9m,0,0,0,0,0,0,3,0,0,0,0,0,0,0,0,0,0,0,0,0,0,0,0,0,0,714,0,0,0,0,0,0,0,0,0,0,0,0,0,0,0,0
6691,19.445221,-99.136777,MORELOS,9m,1,0,0,0,0,0,4,0,0,0,0,0,5,0,0,1,0,0,0,0,0,0,0,0,1,373,1,0,0,0,1,0,0,0,2,0,0,0,0,0,0,0
6692,19.43926,-99.131317,CENTRO,9m,9,0,0,0,0,0,4,0,0,0,0,0,0,0,0,0,0,0,0,0,0,0,0,0,0,1419,0,0,0,0,0,2,0,0,0,0,0,0,0,0,0,0
6700,19.440739,-99.136709,CENTRO,9m,3,0,0,0,0,0,1,0,0,0,0,0,0,0,0,1,0,0,0,0,1,0,0,0,0,702,2,0,0,0,0,1,2,0,0,0,0,0,1,0,0,0
6704,19.427387,-99.13301,ALAMEDA,9m,10,0,0,0,0,0,6,1,0,3,0,0,0,0,0,1,0,0,0,1,0,0,0,0,0,1128,0,0,0,0,0,1,0,0,3,2,0,0,0,0,0,0
6705,19.445159,-99.135158,MORELOS,9m,1,0,0,0,0,0,5,0,0,0,0,0,0,0,1,1,0,0,0,0,1,0,0,0,1,362,1,0,0,0,1,1,0,0,0,0,0,0,0,0,0,0
6708,19.431121,-99.127272,CENTRO,9m,3,0,0,0,0,0,1,0,0,0,0,0,0,0,0,2,0,0,0,1,0,0,0,0,0,719,1,0,0,0,0,0,2,0,0,0,0,0,0,0,0,0
6712,19.44069,-99.127604,CENTRO,9m,0,0,0,0,0,0,4,0,0,0,0,0,1,0,0,2,0,0,0,1,0,0,0,0,0,791,0,0,0,0,0,0,0,0,0,0,0,0,0,0,0,0
6722,19.434161,-99.126805,CENTRO,9m,2,0,0,0,0,0,2,0,0,0,0,0,0,0,0,2,0,0,0,2,1,0,0,0,1,1233,0,0,0,0,1,0,1,0,0,0,0,0,0,0,0,0
6726,19.446194,-99.135052,MORELOS,9m,4,0,0,0,0,0,4,0,0,2,0,0,2,0,0,0,0,0,0,0,0,1,0,0,0,74,1,0,0,0,1,1,1,0,0,0,0,0,0,0,0,0
6736,19.448526,-99.131269,MORELOS,9m,0,0,0,0,0,0,5,0,0,0,0,0,0,0,0,1,0,0,0,1,0,0,0,0,0,191,1,0,0,0,0,1,0,0,0,0,0,0,1,0,0,0
6743,19.439312,-99.126775,CENTRO,9m,0,0,0,0,0,0,4,0,0,0,0,0,1,0,0,1,0,0,0,0,0,0,0,0,0,689,0,0,0,0,0,0,0,0,0,0,0,0,0,0,0,0
6746,19.446914,-99.1327,MORELOS,9m,0,0,0,0,0,0,3,0,0,0,0,0,0,0,0,2,0,0,0,1,0,0,0,1,0,107,1,0,0,0,0,1,0,0,0,0,0,0,1,0,0,0
6747,19.446036,-99.130434,MORELOS,9m,0,0,0,0,0,0,1,0,0,0,0,0,0,0,0,0,0,0,0,0,1,0,0,0,0,172,0,0,0,0,0,0,0,0,0,0,0,0,0,0,0,0
6756,19.440091,-99.131194,CENTRO,9m,3,0,0,0,0,0,4,0,0,0,0,0,0,0,0,0,0,0,0,0,0,0,0,0,0,859,0,0,0,0,0,2,0,0,0,0,0,0,0,0,0,0
7584,19.435238,-99.113312,CONGRESO,9m,0,0,0,0,0,0,1,0,0,1,0,0,0,0,1,0,0,0,0,0,0,0,0,0,0,15,0,0,0,0,0,1,0,0,0,0,0,1,0,0,0,0
7594,19.431372,-99.12005,CONGRESO,9m,0,0,0,0,0,0,1,0,0,0,0,1,1,0,0,1,0,0,0,0,0,0,0,0,0,127,0,29,0,0,0,0,0,1,0,0,0,0,0,0,0,0
7620,19.42196,-99.11648,CONGRESO,9m,0,0,0,1,0,0,3,0,0,0,0,0,1,0,0,1,0,0,0,0,0,0,0,0,0,117,0,0,0,0,0,0,0,0,0,0,0,0,0,0,0,0
7647,19.436672,-99.11685,CONGRESO,9m,0,0,0,0,0,0,1,0,0,2,0,0,0,0,0,1,0,0,0,0,0,0,0,0,0,66,0,2,0,0,0,0,0,0,0,0,0,0,0,0,0,0
7817,19.432017,-99.117752,CONGRESO,9m,6,0,0,0,0,0,0,0,0,0,0,0,0,0,0,0,0,1,0,0,0,0,0,0,0,72,0,4,0,0,0,1,0,0,0,0,0,0,0,0,0,0
7818,19.436737,-99.139096,CENTRO,9m,6,0,0,0,0,0,1,0,0,1,0,0,3,0,4,1,0,0,0,1,0,2,1,0,0,273,1,0,1,1,1,11,2,0,8,6,0,2,2,0,0,0
7819,19.435731,-99.139109,ALAMEDA,9m,18,0,0,0,0,0,1,0,0,0,0,0,3,0,4,1,0,0,0,1,0,1,1,0,0,395,1,0,1,0,1,11,1,0,6,7,0,2,1,0,0,0
7947,19.427277,-99.115777,CONGRESO,9m,11,0,0,0,0,0,1,0,0,1,0,0,0,0,1,0,0,0,0,0,0,0,0,0,0,17,0,0,0,0,0,0,0,0,0,0,0,0,0,0,0,0
7976,19.430823,-99.151443,ALAMEDA,9m,3,0,0,0,0,0,3,0,0,2,0,0,1,0,2,0,0,0,0,0,0,0,0,0,0,109,0,0,0,0,1,3,0,0,0,0,0,0,2,0,0,0
7978,19.435856,-99.144981,ALAMEDA,9m,24,0,0,0,0,0,0,0,0,2,1,0,8,0,0,2,0,0,0,1,0,0,2,0,0,141,1,0,1,1,1,4,0,0,0,2,0,0,1,0,0,0
9115,19.440819,-99.136191,CENTRO,9m,3,0,0,0,0,0,1,0,0,0,0,0,0,0,0,1,0,0,0,0,1,0,0,0,0,969,1,0,0,0,0,1,1,0,0,0,0,0,1,0,0,0
9116,19.43965,-99.135267,CENTRO,9m,0,0,0,0,0,0,1,0,0,2,0,0,0,0,0,1,0,0,0,0,0,0,0,0,0,406,0,0,0,1,1,1,1,1,0,0,0,0,1,0,0,0
9117,19.431559,-99.132185,ALAMEDA,9m,13,0,0,0,0,0,0,0,0,0,0,0,0,0,8,1,0,0,0,2,0,0,0,0,0,338,4,0,0,1,0,6,0,0,5,2,0,0,1,0,0,0
9118,19.445684,-99.128012,MORELOS,9m,0,0,0,0,0,0,0,0,0,0,0,0,0,0,0,2,0,0,0,0,3,0,0,0,0,1330,0,0,0,0,0,0,0,0,0,0,0,0,0,0,0,0
9156,19.42892,-99.139935,ALAMEDA,9m,0,0,0,0,0,0,5,0,0,2,0,0,0,0,0,0,0,0,0,1,0,2,0,0,0,1404,0,0,0,0,1,8,0,0,0,0,0,0,2,0,0,0
9157,19.43823,-99.137771,CENTRO,9m,0,0,0,0,0,0,2,0,0,1,0,0,0,0,2,1,0,0,0,1,0,0,0,0,1,309,1,0,0,1,0,0,2,0,0,0,0,0,1,0,0,0
9220,19.430136,-99.147603,ALAMEDA,9m,3,0,0,0,0,0,2,0,0,3,0,0,2,0,0,2,0,0,0,0,1,0,0,1,0,520,0,0,0,0,2,1,1,0,0,1,0,1,0,0,0,0
9224,19.422258,-99.120282,CONGRESO,9m,4,0,0,0,0,0,1,0,0,0,0,0,2,0,0,1,0,0,0,1,0,0,0,0,0,103,2,0,0,0,0,0,0,0,2,0,0,0,0,0,0,0
9243,19.436655,-99.115526,CONGRESO,9m,0,0,0,0,0,0,0,0,0,2,0,0,0,0,1,2,0,0,0,0,0,0,0,0,0,39,0,0,0,0,0,1,0,0,0,0,0,0,0,0,0,0
9251,19.431578,-99.149883,ALAMEDA,9m,1,0,0,0,0,0,1,0,0,5,0,0,1,0,0,1,0,0,0,1,0,0,0,0,0,205,0,0,0,0,1,4,1,0,0,1,0,0,4,0,0,0
9265,19.451583,-99.131944,MORELOS,9m,0,0,0,0,0,1,3,0,1,3,1,0,3,0,0,1,0,0,0,0,0,3,0,0,0,132,0,6,0,0,0,1,0,0,0,0,0,0,0,0,0,0
9271,19.423917,-99.117755,CONGRESO,9m,1,0,0,0,0,0,5,0,0,0,0,0,0,0,0,0,0,0,0,0,0,0,0,1,0,30,0,0,0,0,0,0,0,0,0,0,0,0,0,0,0,0
9272,19.437408,-99.110458,CONGRESO,9m,9,0,0,0,0,0,0,0,0,0,0,0,0,0,0,1,0,0,0,0,0,0,0,0,0,36,1,0,1,0,0,0,0,0,0,0,0,0,0,0,0,0
9275,19.434061,-99.119652,CONGRESO,9m,0,0,0,0,0,0,0,0,0,0,0,0,0,0,0,0,0,0,0,0,0,0,0,0,0,89,1,19,0,0,0,0,1,0,0,0,0,0,0,0,0,0
9282,19.428305,-99.126989,CENTRO,9m,0,0,0,0,0,0,0,0,0,0,0,0,0,0,0,1,0,0,0,0,0,0,0,0,0,646,0,0,0,0,1,0,1,0,0,0,0,0,0,0,0,0
9283,19.430774,-99.125114,CENTRO,9m,0,0,0,0,0,0,0,0,0,0,0,0,0,0,0,0,0,0,0,1,0,0,0,0,1,837,1,0,0,0,1,0,0,0,0,0,0,0,0,0,0,0
9503,19.43494,-99.111028,CONGRESO,9m,9,0,0,0,0,0,0,0,0,0,0,0,0,0,0,1,0,0,0,0,0,0,0,0,0,76,1,0,1,0,0,0,0,0,0,0,0,0,0,0,0,0
9505,19.437441,-99.123612,CONGRESO,9m,0,0,0,0,0,0,1,0,0,2,0,0,0,0,0,0,0,0,0,0,0,0,0,0,0,477,0,0,0,0,0,0,0,0,0,0,0,0,0,0,0,0
10053,19.435573,-99.142932,ALAMEDA,9m,13,0,0,0,0,0,0,0,0,2,0,0,6,1,0,2,0,0,0,2,0,0,2,0,0,194,1,0,0,1,0,5,0,0,3,5,0,0,1,0,0,0
10054,19.435147,-99.144379,ALAMEDA,9m,19,0,0,0,0,0,1,0,0,0,1,0,10,1,0,1,0,0,0,1,0,0,1,0,0,118,2,0,0,1,0,2,0,0,0,1,0,0,0,0,0,0
10055,19.439367,-99.132799,CENTRO,9m,6,0,0,0,0,0,4,0,0,0,0,0,1,0,0,1,0,0,0,1,0,0,0,0,0,756,0,0,0,0,1,5,1,1,0,2,0,1,1,0,0,0
10103,19.423625,-99.131767,CENTRO,9m,4,0,1,0,0,0,1,0,1,1,0,0,0,0,0,1,0,0,0,0,1,0,0,0,0,280,0,8,0,0,0,0,1,1,1,0,0,0,0,0,0,0
10115,19.426767,-99.135227,ALAMEDA,9m,12,0,0,0,0,0,2,0,0,1,0,0,1,0,0,0,0,1,0,0,0,0,0,0,0,513,0,0,0,0,2,3,3,0,0,0,0,0,1,0,0,0
10116,19.42764,-99.127836,CENTRO,9m,5,0,0,0,0,0,1,0,0,1,0,0,0,0,0,0,0,0,0,0,0,0,0,0,0,669,0,0,0,0,1,0,0,0,0,0,0,0,0,0,0,0
10117,19.433681,-99.147465,ALAMEDA,9m,27,0,1,0,0,0,2,0,0,0,0,0,1,0,0,0,0,0,0,0,0,0,0,0,0,506,1,0,0,1,0,4,5,0,2,1,0,0,3,0,0,0
10118,19.42727,-99.139333,ALAMEDA,9m,7,0,0,0,0,0,1,0,0,0,0,0,0,0,0,0,0,0,0,1,0,0,0,0,0,421,0,0,0,0,0,5,0,0,2,0,0,0,1,0,0,0
10120,19.427024,-99.13075,CENTRO,9m,2,0,0,0,0,0,4,0,0,2,0,0,1,0,0,2,0,0,0,0,0,0,0,0,0,611,0,0,0,0,0,0,1,0,0,0,0,0,0,0,0,0
10121,19.429375,-99.129304,CENTRO,9m,19,0,0,0,0,0,1,0,0,1,0,0,0,0,0,1,0,0,0,1,0,0,0,0,0,716,0,0,0,0,0,1,2,0,0,0,0,0,0,0,0,0
10122,19.430404,-99.130239,CENTRO,9m,17,0,0,0,0,0,0,0,0,0,0,0,0,0,0,0,0,0,0,1,0,0,0,0,0,766,1,0,0,0,0,2,1,0,0,0,0,0,0,0,0,0
10123,19.435208,-99.134996,ALAMEDA,9m,13,0,0,0,0,0,0,0,0,0,0,0,1,1,0,0,0,0,0,0,0,0,1,0,0,1717,2,0,0,0,1,3,2,0,0,1,0,1,2,0,0,0
10124,19.436637,-99.146134,ALAMEDA,9m,19,0,0,0,0,0,1,0,0,5,0,0,21,0,0,2,0,0,0,1,0,2,0,0,0,168,0,0,2,0,1,3,1,0,7,2,0,0,2,0,0,0
10125,19.436831,-99.140247,ALAMEDA,9m,8,0,0,0,0,0,0,0,0,2,0,0,3,0,3,1,0,0,0,0,0,2,1,0,0,189,0,0,1,0,1,8,2,0,9,4,0,2,2,0,0,0
10126,19.437753,-99.140066,CENTRO,9m,2,0,0,0,0,0,3,0,0,2,0,0,2,0,1,2,0,0,0,1,1,3,1,0,0,298,0,0,1,0,0,3,1,0,8,2,0,1,1,0,0,0
10127,19.431896,-99.141004,ALAMEDA,9m,10,0,1,0,0,0,1,0,0,2,0,0,1,0,0,0,0,0,0,0,0,3,0,0,0,2021,2,0,0,0,0,0,3,0,4,0,0,0,0,0,0,0
10128,19.428914,-99.14123,ALAMEDA,9m,2,0,1,0,0,0,4,0,0,3,0,0,0,0,0,0,0,0,0,0,0,3,0,0,0,1719,0,0,0,0,0,2,2,0,2,0,0,0,1,0,0,0
10129,19.431164,-99.141594,ALAMEDA,9m,7,0,1,0,0,0,0,0,0,3,0,0,0,0,0,0,0,0,0,1,0,2,0,0,0,2248,1,0,0,0,0,0,3,0,4,0,0,0,0,0,0,0
10132,19.433688,-99.138377,ALAMEDA,9m,30,0,1,0,0,0,1,0,0,0,0,0,0,1,0,0,0,0,0,0,0,0,0,0,0,1192,5,0,0,0,0,3,2,0,0,4,0,0,0,0,0,0
10133,19.432984,-99.148569,ALAMEDA,9m,8,0,0,0,0,0,2,0,0,2,0,0,0,0,0,0,0,0,0,1,0,0,0,0,0,384,0,0,0,1,0,4,5,0,2,0,0,0,4,0,0,0
10135,19.432135,-99.136385,ALAMEDA,9m,26,0,3,0,0,0,0,0,0,0,0,0,0,0,0,0,0,0,0,1,0,0,1,0,0,1399,5,0,0,0,2,7,2,0,0,1,0,1,3,0,0,0
10136,19.434286,-99.136158,ALAMEDA,9m,17,0,3,0,0,0,0,0,0,0,0,0,0,3,0,0,0,0,0,1,0,0,1,0,0,2168,4,0,0,0,1,5,1,0,2,1,0,0,2,0,0,0
10137,19.42451,-99.133292,ALAMEDA,9m,9,0,1,0,0,0,0,0,1,1,0,0,0,0,2,3,0,0,0,2,0,0,0,0,0,602,0,7,0,0,0,0,2,0,4,0,0,0,0,1,0,0
10142,19.426835,-99.129674,CENTRO,9m,5,0,0,0,0,0,2,0,0,1,0,0,1,0,0,2,0,0,0,0,0,0,0,0,0,604,0,0,0,0,0,0,2,0,0,0,0,0,0,0,0,0
10144,19.431434,-99.131126,ALAMEDA,9m,15,0,0,0,0,0,0,0,0,0,0,0,0,0,6,0,0,0,0,1,0,0,0,0,0,460,1,0,0,0,0,5,0,0,3,1,0,0,0,0,0,0
10146,19.434854,-99.125813,CENTRO,9m,2,0,0,0,0,0,1,0,0,0,0,0,0,0,0,1,0,0,0,1,1,0,0,0,1,1994,0,0,0,0,0,0,0,0,0,0,0,0,0,0,0,0
10147,19.426005,-99.12794,CENTRO,9m,0,0,0,0,0,0,0,0,0,0,0,0,0,0,0,0,0,0,0,0,0,0,0,0,0,516,0,0,0,0,0,1,1,0,0,0,0,0,1,0,0,0
10150,19.431343,-99.1431,ALAMEDA,9m,4,0,0,0,0,0,0,0,0,4,0,0,1,0,0,2,0,0,0,1,1,2,0,0,0,1014,0,0,0,0,0,0,1,0,2,0,0,0,0,0,0,0
10165,19.429868,-99.145585,ALAMEDA,9m,6,0,0,0,0,0,0,0,0,0,0,0,0,0,0,1,0,0,0,0,2,0,0,0,0,525,0,0,0,0,0,0,1,0,0,1,0,0,0,0,0,0
10210,19.433335,-99.150475,ALAMEDA,9m,4,0,0,0,0,0,1,0,0,4,0,0,1,0,0,0,0,0,0,1,0,1,0,0,0,295,0,0,0,0,0,4,0,0,0,0,0,0,4,0,0,0
10222,19.4312,-99.129173,CENTRO,9m,9,0,0,0,0,0,0,0,0,0,0,0,0,0,0,0,0,0,0,1,0,0,0,0,0,715,0,0,0,0,0,0,1,0,0,0,0,0,0,0,0,0
10223,19.442779,-99.125609,MORELOS,9m,0,0,0,0,0,0,1,0,0,0,0,0,0,0,0,0,0,0,0,0,0,0,0,0,0,306,0,0,0,0,0,0,0,0,2,0,0,0,0,0,0,0
10224,19.448219,-99.126052,MORELOS,9m,0,0,0,0,0,0,2,0,0,0,0,0,0,0,0,0,0,0,0,0,1,0,0,0,0,425,0,0,0,0,0,0,0,1,0,0,0,0,0,0,0,0
10225,19.432304,-99.127906,CENTRO,9m,5,0,0,0,0,0,3,0,0,0,0,0,0,0,0,1,0,0,0,3,0,0,0,0,1,769,0,0,0,0,0,3,2,0,0,1,0,1,0,0,0,0
10463,19.44318,-99.133964,CENTRO,9m,0,0,0,0,0,0,1,0,1,0,0,0,0,0,1,0,0,0,0,0,1,0,0,0,1,569,0,0,0,0,0,0,1,0,2,0,0,0,0,0,0,0
10464,19.424092,-99.135492,ALAMEDA,9m,15,0,0,0,0,0,1,0,0,0,0,0,0,0,1,2,0,1,0,2,0,0,0,0,1,286,0,0,0,0,0,0,2,0,0,0,0,0,0,0,0,0
10465,19.4409,-99.125779,CENTRO,9m,0,0,0,0,0,0,3,0,0,0,0,0,0,0,0,1,0,0,0,0,0,0,0,0,0,505,0,0,0,0,0,0,0,0,0,0,0,0,0,0,0,0
10466,19.427437,-99.133932,ALAMEDA,9m,8,0,0,0,0,0,3,1,0,2,0,0,0,0,0,1,0,0,0,0,0,0,0,0,0,1103,0,0,0,0,0,1,2,0,1,2,0,0,0,0,0,0
10467,19.437493,-99.124557,CENTRO,9m,0,0,0,0,0,0,1,0,0,2,0,0,0,0,0,0,0,0,0,0,0,0,0,0,0,838,0,0,0,0,0,0,0,0,0,0,0,0,0,0,0,0
10468,19.435043,-99.126813,CENTRO,9m,2,0,0,0,0,0,3,0,0,0,0,0,0,0,0,2,0,0,0,2,0,0,0,0,1,1544,0,0,0,0,1,1,0,0,0,0,0,0,0,0,0,0
10469,19.438866,-99.12633,CENTRO,9m,0,0,0,0,0,0,3,0,0,0,0,0,0,0,0,1,0,0,0,0,1,0,0,0,0,805,0,0,0,0,0,0,0,0,0,0,0,0,0,0,0,0
10470,19.428485,-99.145945,ALAMEDA,9m,5,0,0,0,0,0,3,0,0,0,0,0,0,0,0,0,0,0,0,0,1,0,0,0,0,263,0,0,0,0,0,0,3,0,0,1,0,0,0,0,0,0
10471,19.440954,-99.125008,CENTRO,9m,0,0,0,0,0,0,1,0,0,0,0,0,0,0,0,0,0,0,0,0,0,0,0,0,0,446,0,0,0,0,0,0,0,0,0,0,0,0,0,0,0,0
10472,19.426665,-99.126949,CENTRO,9m,0,0,0,0,0,0,0,0,0,1,0,0,0,0,0,0,0,0,0,0,0,0,0,0,0,701,0,0,0,0,1,0,0,0,1,0,0,0,0,0,0,0
10473,19.432377,-99.149721,ALAMEDA,9m,2,0,0,0,0,0,1,0,0,5,0,0,0,0,0,0,0,0,0,1,0,0,0,0,0,272,0,0,0,0,0,4,1,0,0,1,0,0,4,0,0,0
10475,19.440241,-99.123759,CENTRO,9m,0,0,0,0,0,0,2,0,0,0,0,0,0,0,0,0,0,0,0,0,0,0,0,0,0,286,0,0,0,0,1,0,0,0,0,0,0,0,0,0,0,0
10476,19.439491,-99.136705,CENTRO,9m,3,0,0,0,0,0,3,0,0,1,0,0,0,0,0,2,0,0,0,0,0,0,0,0,1,418,2,0,0,0,0,0,2,0,0,0,0,0,0,0,0,0
10477,19.433019,-99.126078,CENTRO,9m,5,0,0,0,0,0,2,0,0,0,0,0,0,0,0,1,0,0,0,1,1,0,0,0,1,912,0,0,0,0,0,0,2,0,0,0,0,0,0,0,0,0
10478,19.436651,-99.12649,CENTRO,9m,0,0,0,0,0,0,1,0,0,2,0,0,0,0,0,1,0,0,0,2,2,0,0,0,0,1641,0,0,0,0,0,0,0,0,0,0,0,0,0,0,0,0
10479,19.438287,-99.127063,CENTRO,9m,0,0,0,0,0,0,2,0,0,2,0,0,0,0,0,1,0,0,0,0,2,0,0,0,0,1071,0,0,0,0,1,0,0,0,0,0,0,0,0,0,0,0
10480,19.44447,-99.1377,MORELOS,9m,0,0,0,0,0,0,2,0,0,2,0,0,5,0,0,2,0,0,0,0,0,1,0,0,0,804,0,0,0,0,0,1,0,0,6,0,0,0,0,0,0,0
10481,19.440811,-99.13541,CENTRO,9m,0,0,0,0,0,0,1,0,0,0,0,0,0,0,0,1,0,0,0,0,1,0,0,0,0,411,0,0,0,1,0,0,0,1,0,0,0,0,0,0,0,0
10482,19.439652,-99.138687,CENTRO,9m,3,0,0,0,0,0,2,0,0,2,0,0,0,0,0,3,0,0,0,1,0,2,1,0,1,319,2,0,0,0,0,1,1,0,0,1,0,0,0,0,0,0
10483,19.428346,-99.126427,CENTRO,9m,0,0,0,0,0,0,0,0,0,0,0,0,0,0,0,0,0,0,0,0,0,0,0,0,0,692,0,0,0,0,2,0,0,0,0,0,0,0,0,0,0,0
10484,19.427569,-99.12635,CENTRO,9m,0,0,0,0,0,0,0,0,0,0,0,0,0,0,0,0,0,0,0,1,1,0,0,0,0,820,0,0,0,0,1,0,0,0,0,0,0,0,0,0,0,0
10534,19.444434,-99.136881,MORELOS,9m,0,0,0,0,0,0,2,0,0,0,0,0,4,0,0,1,0,0,0,0,1,1,0,0,1,1051,0,0,0,0,1,0,0,0,4,0,0,0,0,0,0,0
10535,19.444811,-99.128593,MORELOS,9m,0,0,0,0,0,0,1,0,0,0,0,0,0,0,0,2,0,0,0,0,0,0,0,0,0,577,0,0,0,0,0,0,0,0,0,0,0,0,0,0,0,0
10536,19.437781,-99.126377,CENTRO,9m,0,0,0,0,0,0,2,0,0,2,0,0,0,0,0,1,0,0,0,0,2,0,0,0,0,1304,0,0,0,0,0,0,0,0,0,0,0,0,0,0,0,0
10537,19.449277,-99.125814,MORELOS,9m,0,0,0,0,0,0,2,0,0,0,0,0,0,0,0,0,0,0,0,0,0,0,0,0,0,68,0,0,0,0,0,0,0,0,0,0,0,0,0,0,0,0
10538,19.443531,-99.123943,MORELOS,9m,0,0,0,0,0,0,1,0,0,0,0,0,0,0,0,1,0,0,0,1,0,0,0,0,0,209,0,0,0,0,0,0,0,0,4,0,0,0,0,0,0,0
10539,19.446072,-99.134024,MORELOS,9m,0,0,0,0,0,0,3,0,0,0,0,0,0,0,1,1,0,0,0,0,0,0,0,1,0,111,0,0,0,0,1,1,0,0,0,0,0,0,0,0,0,0
10541,19.451492,-99.125225,MORELOS,9m,2,0,0,0,0,0,1,0,0,0,0,0,0,0,0,0,0,0,0,0,0,0,0,0,0,70,0,0,0,0,0,0,1,0,0,0,0,0,0,0,0,0
10542,19.450523,-99.127044,MORELOS,9m,0,0,0,0,0,0,1,0,0,0,0,0,0,0,0,0,0,0,0,1,0,0,0,0,1,86,1,0,0,0,0,0,0,0,0,0,0,0,0,0,0,0
10543,19.445537,-99.130581,MORELOS,9m,0,0,0,0,0,0,1,0,0,0,0,0,0,0,0,0,0,0,0,0,0,0,0,0,0,132,0,0,0,0,0,0,0,1,0,0,0,0,0,0,0,0
10544,19.444372,-99.135261,MORELOS,9m,0,0,0,0,0,0,2,0,0,0,0,0,0,0,1,0,0,0,0,0,2,0,0,0,1,637,0,0,0,0,1,1,0,0,0,0,0,0,0,0,0,0
10545,19.444282,-99.13428,MORELOS,9m,0,0,0,0,0,0,1,0,0,0,0,0,0,0,1,0,0,0,0,0,1,0,0,0,1,431,0,0,0,0,1,0,0,0,0,0,0,0,0,0,0,0
10546,19.444005,-99.130745,MORELOS,9m,0,0,0,0,0,0,1,0,0,0,0,0,0,0,0,0,0,0,0,0,0,0,0,0,0,971,0,0,0,0,0,0,0,1,4,0,0,0,0,0,0,0
10547,19.443593,-99.12459,MORELOS,9m,0,0,0,0,0,0,0,0,0,0,0,0,0,0,0,1,0,0,0,0,0,0,0,0,0,254,0,0,0,0,0,0,0,0,4,0,0,0,0,0,0,0
10548,19.448503,-99.133711,MORELOS,9m,0,0,0,0,0,0,2,0,0,1,0,0,1,0,0,0,0,0,0,1,0,1,0,1,0,64,1,1,0,0,0,3,0,0,0,0,0,0,1,0,0,0
10549,19.448499,-99.12749,MORELOS,9m,0,0,0,0,0,0,0,0,0,0,0,0,0,0,0,0,0,0,0,1,1,0,0,0,2,800,1,0,0,0,0,0,0,0,0,0,0,0,0,0,0,0
10550,19.449761,-99.132036,MORELOS,9m,0,0,0,0,0,0,5,0,1,2,1,0,3,0,0,1,0,0,0,0,0,2,0,0,0,168,0,0,0,0,0,0,0,0,0,0,0,0,0,0,0,0
10551,19.447627,-99.132682,MORELOS,9m,0,0,0,0,0,0,2,0,0,0,0,0,0,0,0,2,0,0,0,1,0,0,0,1,0,91,1,0,0,0,0,1,0,0,0,0,0,0,1,0,0,0
10552,19.441776,-99.125818,CENTRO,9m,0,0,0,0,0,0,1,0,0,0,0,0,0,0,0,0,0,0,0,0,0,0,0,0,0,470,0,0,0,0,0,0,0,0,2,0,0,0,0,0,0,0
10554,19.451734,-99.126712,MORELOS,9m,2,0,0,0,0,0,1,0,0,0,0,0,0,0,0,0,0,0,0,0,0,0,0,0,0,57,0,0,0,0,0,0,0,0,0,0,0,0,0,0,0,0
11811,19.428091,-99.115929,CONGRESO,9m,11,0,0,0,0,0,1,0,0,1,0,0,0,0,1,0,0,0,0,0,0,0,0,0,0,17,0,0,0,0,0,0,0,0,0,0,0,0,0,0,0,0
11812,19.430068,-99.119027,CONGRESO,9m,10,0,0,0,0,0,1,0,0,0,0,0,1,0,1,1,0,0,0,0,0,0,0,0,0,27,0,15,0,0,0,1,0,0,2,0,0,0,0,0,0,0
11813,19.432031,-99.11597,CONGRESO,9m,2,0,0,0,0,0,0,0,0,4,0,0,0,0,0,0,0,1,0,0,0,0,0,0,0,70,0,0,0,0,0,0,0,0,0,0,0,0,0,0,0,0
11814,19.427863,-99.119311,CONGRESO,9m,0,0,0,0,0,0,0,0,0,0,0,1,0,0,1,1,0,0,0,0,0,0,0,0,0,345,0,2,0,0,0,0,0,0,4,0,0,0,0,0,0,0
11815,19.427719,-99.117996,CONGRESO,9m,0,0,0,0,0,0,1,0,0,0,0,1,0,0,0,1,0,0,0,0,0,0,0,0,0,13,0,0,0,0,0,0,0,0,2,0,0,0,0,0,0,0
11818,19.433499,-99.110484,CONGRESO,9m,0,0,0,0,0,0,1,0,0,0,0,0,0,0,0,0,0,0,0,0,0,0,0,0,1,123,0,8,0,0,0,0,0,0,0,0,0,0,0,0,0,0
11824,19.440892,-99.123112,CONGRESO,9m,0,0,0,0,0,0,2,0,0,0,0,0,0,0,0,0,0,0,0,1,0,0,0,0,0,184,0,0,0,0,1,0,0,0,1,0,0,0,0,0,0,0
11833,19.434287,-99.121135,CONGRESO,9m,0,0,0,0,0,0,1,0,0,0,0,0,0,0,0,0,0,0,0,0,0,0,0,0,0,145,0,10,0,0,0,0,1,0,0,0,0,0,0,0,0,0
11861,19.434023,-99.111142,CONGRESO,9m,0,0,0,0,0,0,0,0,0,0,0,0,0,0,0,0,0,0,0,0,0,0,0,0,0,94,1,3,0,0,0,0,0,0,0,0,0,0,0,0,0,0
11862,19.426981,-99.113576,CONGRESO,9m,4,0,0,0,0,0,0,0,0,1,0,0,0,0,2,0,0,0,0,0,0,0,0,0,0,15,0,11,0,0,0,0,0,0,0,0,0,0,0,0,0,0
11870,19.43603,-99.10939,CONGRESO,9m,9,0,0,0,0,0,0,0,0,0,0,0,0,0,0,0,0,0,0,1,0,0,0,0,0,39,2,0,1,0,0,0,0,1,0,0,0,0,0,0,0,0
11886,19.424835,-99.120223,CONGRESO,9m,0,0,0,0,0,0,1,0,0,2,0,1,0,0,0,0,0,0,0,1,0,0,0,1,1,252,0,12,0,0,0,0,0,0,0,0,0,0,0,0,0,0
11887,19.428176,-99.124588,CONGRESO,9m,0,0,0,0,0,0,0,0,0,0,0,0,0,0,0,0,0,0,0,2,2,0,0,0,0,2981,1,0,0,0,0,0,0,0,0,0,0,0,0,0,0,0
11889,19.429678,-99.121436,CONGRESO,9m,0,0,0,0,0,0,0,0,0,0,0,2,1,0,1,0,0,0,0,1,0,0,0,0,0,326,0,62,0,0,1,0,0,0,3,0,0,0,0,0,0,0
11890,19.423416,-99.120403,CONGRESO,9m,4,0,0,0,0,0,2,0,0,0,0,0,1,0,0,1,0,0,0,1,0,0,0,1,1,148,2,9,0,0,0,0,0,0,2,0,0,0,0,0,0,0
11891,19.4292,-99.120293,CONGRESO,9m,0,0,0,0,0,0,0,0,0,0,0,1,1,0,1,1,0,0,0,1,0,0,0,0,0,575,0,32,0,0,0,0,0,0,6,0,0,0,0,0,0,0
11898,19.418898,-99.119171,CONGRESO,9m,0,0,0,0,0,0,3,0,0,0,0,0,0,0,0,1,0,0,0,0,0,0,0,0,0,35,0,0,0,0,0,0,0,0,0,0,0,0,0,0,0,0
11899,19.418863,-99.117094,CONGRESO,9m,0,0,0,0,0,0,1,0,0,0,0,0,0,0,0,0,0,0,0,0,0,0,0,0,0,142,0,0,0,0,0,0,1,0,0,0,0,0,0,0,0,0
11968,19.439618,-99.123282,CONGRESO,9m,0,0,0,0,0,0,2,0,0,0,0,0,0,0,0,0,0,0,0,0,0,0,0,0,0,218,0,0,0,0,1,0,0,0,0,0,0,0,0,0,0,0
11975,19.434931,-99.118668,CONGRESO,9m,0,0,0,0,0,0,0,0,0,2,0,0,0,0,0,0,0,0,0,0,0,0,0,0,0,59,1,0,0,0,0,0,0,0,0,0,0,0,0,0,0,0
11976,19.435385,-99.114906,CONGRESO,9m,0,0,0,0,0,0,1,0,0,2,0,0,0,0,1,1,0,0,0,0,0,0,0,0,0,29,0,0,0,0,0,1,0,0,0,0,0,0,0,0,0,0
11977,19.435272,-99.121164,CONGRESO,9m,0,0,0,0,0,0,2,0,0,2,0,0,0,0,0,0,0,0,0,0,0,0,0,0,0,146,0,0,0,0,0,0,1,0,0,0,0,0,0,0,0,0
12028,19.423386,-99.12447,CONGRESO,9m,4,0,0,0,0,0,0,0,0,1,0,0,0,0,0,0,0,0,0,0,5,0,0,0,0,1058,0,0,0,0,0,0,1,0,0,0,0,0,0,0,0,0
12029,19.426389,-99.120396,CONGRESO,9m,0,0,0,0,0,1,0,0,1,2,1,0,0,0,0,1,0,0,0,0,0,0,0,0,1,1185,0,6,0,0,0,0,0,0,1,0,0,0,0,0,0,0
12030,19.429179,-99.124446,CONGRESO,9m,0,0,0,0,0,0,0,0,0,0,0,1,0,0,0,0,0,0,0,1,0,0,0,0,1,2026,1,3,0,0,1,0,0,0,0,0,0,0,0,0,0,0
12031,19.435326,-99.122241,CONGRESO,9m,1,0,0,0,0,0,2,0,0,2,0,0,0,0,0,0,0,0,0,0,0,0,0,0,0,229,0,0,0,0,0,0,1,0,0,0,0,0,0,0,0,0
12052,19.433051,-99.118791,CONGRESO,9m,0,0,0,0,0,0,0,0,0,0,0,0,0,0,0,0,0,0,0,0,0,0,0,0,0,47,1,15,0,0,0,0,0,1,0,0,0,0,0,0,0,0
12053,19.432525,-99.121134,CONGRESO,9m,0,0,0,0,0,0,1,0,0,0,0,0,0,0,0,0,0,0,0,0,0,0,0,0,0,86,0,22,0,0,0,0,1,1,0,0,0,0,0,0,0,0
12080,19.423713,-99.122289,CONGRESO,9m,6,0,0,0,0,0,0,0,0,1,0,1,0,0,0,0,0,0,0,1,0,0,0,0,0,731,2,7,0,0,0,0,2,0,0,0,0,0,0,0,0,0
12081,19.430474,-99.120713,CONGRESO,9m,0,0,0,0,0,0,1,0,0,0,0,1,1,0,0,1,0,0,0,1,0,0,0,0,0,212,0,35,0,0,0,0,0,1,3,0,0,0,0,0,0,0
12082,19.431176,-99.124514,CONGRESO,9m,0,0,0,0,0,0,0,0,0,0,0,0,0,0,0,0,0,0,0,2,0,0,0,0,1,802,1,0,0,0,1,0,1,0,0,0,0,0,0,0,0,0
12083,19.426923,-99.119929,CONGRESO,9m,0,0,0,0,0,0,0,0,0,2,0,1,0,0,1,1,0,0,0,0,0,0,0,0,0,997,0,4,0,0,0,0,0,0,2,0,0,0,0,0,0,0
12084,19.432579,-99.121858,CONGRESO,9m,0,0,0,0,0,0,0,0,0,0,0,0,0,0,0,0,0,0,0,1,0,0,0,0,0,110,0,16,0,0,0,0,1,0,0,0,0,0,0,0,0,0
12085,19.432246,-99.120171,CONGRESO,9m,0,0,0,0,0,0,1,0,0,0,0,0,1,0,0,1,0,0,0,0,0,0,0,0,0,72,0,22,0,0,0,0,1,1,0,0,0,0,0,0,0,0
12086,19.426287,-99.124853,CONGRESO,9m,1,0,0,0,0,0,0,0,0,1,0,0,0,0,0,0,0,0,0,1,6,0,0,0,0,3160,0,0,0,0,0,0,0,0,2,0,0,0,0,0,0,0
12087,19.43726,-99.122137,CONGRESO,9m,0,0,0,0,0,0,4,0,0,2,0,0,0,0,0,0,0,0,0,0,0,0,0,0,0,235,0,0,0,0,0,0,0,0,0,0,0,0,0,0,0,0
12088,19.431685,-99.121323,CONGRESO,9m,0,0,0,0,0,0,1,0,0,0,0,1,0,0,0,0,0,0,0,1,0,0,0,0,0,168,0,30,0,0,0,0,0,1,0,0,0,0,0,0,0,0
12089,19.431794,-99.120495,CONGRESO,9m,0,0,0,0,0,0,1,0,0,0,0,1,1,0,0,1,0,0,0,0,0,0,0,0,0,128,0,30,0,0,0,0,0,1,0,0,0,0,0,0,0,0
12090,19.42589,-99.123243,CONGRESO,9m,1,0,0,0,0,0,0,0,0,0,0,1,0,0,0,0,0,0,0,1,5,0,0,0,0,3235,0,0,0,0,1,0,0,0,1,0,0,0,0,0,0,0
12091,19.428204,-99.123083,CONGRESO,9m,0,0,0,0,0,1,0,0,1,0,1,1,0,0,0,0,0,0,0,0,2,0,0,0,0,3205,0,31,0,0,1,0,0,0,0,0,0,0,0,0,0,0
12092,19.42965,-99.122675,CONGRESO,9m,0,0,0,0,0,0,0,0,0,0,0,1,0,0,0,0,0,0,0,1,0,0,0,0,0,1077,1,47,0,0,1,0,0,0,2,0,0,0,0,0,0,0
12093,19.425368,-99.121338,CONGRESO,9m,0,0,0,0,0,0,0,0,0,2,0,1,0,0,0,0,0,0,0,0,1,0,0,0,1,1115,0,13,0,0,1,0,0,0,0,0,0,0,0,0,0,0
12094,19.431467,-99.122552,CONGRESO,9m,0,0,0,0,0,0,0,0,0,0,0,1,0,0,0,0,0,0,0,1,0,0,0,0,0,292,0,14,0,0,0,0,0,0,0,0,0,0,0,0,0,0
12095,19.42899,-99.122779,CONGRESO,9m,0,0,0,0,0,0,0,0,0,0,0,1,0,0,0,0,0,0,0,1,1,0,0,0,0,2590,1,47,0,0,1,0,0,0,0,0,0,0,0,0,0,0
12096,19.430563,-99.122551,CONGRESO,9m,0,0,0,0,0,0,0,0,0,0,0,2,0,0,0,0,0,0,0,1,0,0,0,0,0,571,1,36,0,0,1,0,0,0,1,0,0,0,0,0,0,0
12097,19.435551,-99.123879,CONGRESO,9m,2,0,0,0,0,0,2,0,0,2,0,0,0,0,0,0,0,0,0,0,1,0,0,0,0,1468,0,0,0,0,0,0,1,0,0,0,0,0,0,0,0,0
12098,19.428883,-99.121502,CONGRESO,9m,0,0,0,0,0,1,0,0,1,0,1,2,0,0,1,0,0,0,0,1,0,0,0,0,0,1186,0,58,0,0,1,0,0,0,3,0,0,0,0,0,0,0
12099,19.429785,-99.123627,CONGRESO,9m,0,0,0,0,0,0,0,0,0,0,0,1,0,0,0,0,0,0,0,1,0,0,0,0,1,897,1,33,0,0,1,0,0,0,0,0,0,0,0,0,0,0
12100,19.430806,-99.123438,CONGRESO,9m,0,0,0,0,0,0,0,0,0,0,0,1,0,0,0,0,0,0,0,2,0,0,0,0,1,500,1,20,0,0,0,0,0,0,0,0,0,0,0,0,0,0
12300,19.438419,-99.119337,CONGRESO,9m,0,0,0,0,0,0,2,0,0,0,0,0,0,0,0,0,0,0,0,0,0,0,0,0,0,49,0,13,0,0,0,0,0,0,3,0,0,0,0,0,0,0
12301,19.439267,-99.121205,CONGRESO,9m,0,0,0,0,0,0,4,0,0,0,0,0,0,0,0,0,0,0,0,0,0,0,0,0,0,94,0,2,0,0,0,0,0,0,2,0,0,0,0,0,0,0
12314,19.436802,-99.117888,CONGRESO,9m,0,0,0,0,0,0,2,0,0,2,0,0,0,0,0,0,0,0,0,0,0,0,0,0,0,69,0,2,0,0,0,0,0,0,0,0,0,0,0,0,0,0
12315,19.435996,-99.119564,CONGRESO,9m,0,0,0,0,0,0,0,0,0,3,0,0,0,0,0,0,0,0,0,0,0,0,0,0,0,72,1,0,0,0,0,0,0,0,0,0,0,0,0,0,0,0
12316,19.43839,-99.121195,CONGRESO,9m,0,0,0,0,0,0,4,0,0,0,0,0,0,0,0,0,0,0,0,0,0,0,0,0,0,95,0,0,0,0,0,0,0,0,1,0,0,0,0,0,0,0
12317,19.436973,-99.119479,CONGRESO,9m,0,0,0,0,0,0,0,0,0,3,0,0,0,0,0,0,0,0,0,0,0,0,0,0,0,54,0,3,0,0,0,0,0,0,0,0,0,0,0,0,0,0
12318,19.435075,-99.119716,CONGRESO,9m,0,0,0,0,0,0,0,0,0,3,0,0,0,0,0,0,0,0,0,0,0,0,0,0,0,109,1,0,0,0,0,0,0,0,0,0,0,0,0,0,0,0
12578,19.439129,-99.139482,CENTRO,9m,0,0,0,0,0,0,3,0,0,2,0,0,0,0,0,3,0,0,0,1,0,2,1,0,1,179,0,0,0,0,0,1,1,0,1,1,0,0,0,0,0,0
13795,19.436069,-99.121176,CONGRESO,9m,0,0,0,0,0,0,3,0,0,2,0,0,0,0,0,0,0,0,0,0,0,0,0,0,0,137,0,0,0,0,0,0,0,0,0,0,0,0,0,0,0,0
16948,19.434749,-99.144808,ALAMEDA,9m,21,0,0,0,0,0,1,0,0,0,1,0,10,1,0,1,0,0,0,1,0,0,1,0,0,212,2,0,0,1,0,3,1,0,0,2,0,0,0,0,0,0
17290,19.4357,-99.1165,CONGRESO,9m,0,0,0,0,0,0,0,0,0,1,0,0,0,0,0,1,0,0,0,0,0,0,0,0,0,61,0,0,0,0,0,0,0,0,0,0,0,0,0,0,0,0
