Etiquetas,Sector,Consigna,Long,Lat,C01-BANCOS,C05-CENTRALES CAMIONERAS,C06-CENTROS COMERCIALES,C09-CUARTELES DE LA POLICÍA AUXILIAR,C10-CUARTELES PBI,C11-CUARTELES PGJ,C15-HOSPITALES,C16-JUZGADOS CIVILES Y PENALES,C19-METROBUS,C20-MINISTERIOR PUBLICOS,C21-MODULOS SSP,C22-MONUMENTOS HISTORICOS,C23-NOTARIAS,C24-OFICINAS DE GOBIERNO,C26-PLAZAS Y PARQUES,C27-RECLUSORIOS,C30-TESORERIAS,C31-TREN LIGERO,C33-IGLESIAS Y TEMPLOS,C38-MERCADOS PUBLICOS,C42-TROLEBUS,C43-TURIBUS,C44-GUARDERIAS,C45-CENTROS DE SALUD Y CLINICAS,C46-ESTABLECIMIENTOS MERCANTILES,C49-TIENDAS DEPARTAMENTALES,C51-EDIFICIOS,C53-CINES,C57-EVENTOS MASIVOS,C58-CASAS Y CENTROS DE CULTURA,C59-MUSEOS Y TEATROS,C62-OXXO,C67-CENTROS PILARES,C72-ACCESOS METRO,C73-ATRACTIVOS TURISTICOS,C75-FONOTECAS,C76-FOTOTECA,C77-GALERIAS,C78-ZONAS ARQUEOLOGICAS,C81-ESTACIONES DE CABLEBUS,C82-ALCALDIAS,C13-CAM,C13-CPARA EL TRABAJO,C13_PREESC,C13_PRIM,C13_SEC,C13_BACH,C13_SUP
10534,MORELOS,26,-99.136881,19.444434,0,0,0,0,0,0,0,0,0,0,0,4,0,0,1,0,0,0,0,1,1,0,0,1,1051,0,0,0,0,1,0,0,0,4,0,0,0,0,0,0,0,0,0,0,2,0,0,0
2566,MORELOS,21,-99.132804,19.444939,0,0,0,0,0,0,0,0,0,0,0,0,0,1,1,0,0,0,0,0,0,0,0,0,168,0,0,0,0,0,0,0,0,1,0,0,0,0,0,0,0,0,0,0,1,1,0,0
6691,MORELOS,21,-99.136777,19.445221,1,0,0,0,0,0,0,0,0,0,0,5,0,0,1,0,0,0,0,0,0,0,0,1,373,1,0,0,0,1,0,0,0,2,0,0,0,0,0,0,0,0,0,1,3,0,0,0
2560,MORELOS,20,-99.132794,19.44418,0,0,0,0,0,0,0,0,0,0,0,0,0,1,0,0,0,0,0,1,0,0,0,0,221,0,0,0,0,0,0,0,0,4,0,0,0,0,0,0,0,0,0,0,0,1,0,0
2232,MORELOS,18,-99.131108,19.4494,0,0,0,0,0,0,0,0,0,0,0,0,0,0,1,0,0,0,0,0,0,0,0,0,239,0,0,0,0,0,0,0,0,0,0,0,0,0,0,0,0,0,0,1,4,0,0,1
10545,MORELOS,18,-99.13428,19.444282,0,0,0,0,0,0,0,0,0,0,0,0,0,1,0,0,0,0,0,1,0,0,0,1,431,0,0,0,0,1,0,0,0,0,0,0,0,0,0,0,0,0,0,0,0,1,0,0
2247,MORELOS,17,-99.133739,19.445,0,0,0,0,0,0,0,0,0,0,0,0,0,1,0,0,0,0,0,1,0,0,0,1,445,0,0,0,0,1,1,0,0,0,0,0,0,0,0,0,0,0,0,1,1,1,0,0
6736,MORELOS,16,-99.131269,19.448526,0,0,0,0,0,0,0,0,0,0,0,0,0,0,1,0,0,0,1,0,0,0,0,0,191,1,0,0,0,0,1,0,0,0,0,0,0,1,0,0,0,0,0,1,3,0,0,1
10480,MORELOS,15,-99.1377,19.44447,0,0,0,0,0,0,0,0,2,0,0,5,0,0,2,0,0,0,0,0,1,0,0,0,804,0,0,0,0,0,1,0,0,6,0,0,0,0,0,0,0,0,0,0,2,0,0,0
10550,MORELOS,13,-99.132036,19.449761,0,0,0,0,0,0,0,1,2,1,0,3,0,0,1,0,0,0,0,0,2,0,0,0,168,0,0,0,0,0,0,0,0,0,0,0,0,0,0,0,0,0,0,2,2,0,0,1
2552,MORELOS,11,-99.132312,19.448988,0,0,0,0,0,0,0,0,2,0,0,2,0,0,1,0,0,0,1,0,2,0,0,0,140,1,0,0,0,0,1,0,0,0,0,0,0,1,0,0,0,0,0,1,3,0,0,1
2243,MORELOS,8,-99.128203,19.451824,0,0,0,0,0,0,0,0,0,0,0,0,0,0,0,0,0,0,0,0,0,0,0,0,110,1,0,0,0,0,0,0,0,0,0,0,0,0,0,0,0,0,0,0,0,1,0,0
2479,MORELOS,7,-99.136938,19.443861,2,0,0,0,0,0,0,0,0,0,0,2,0,0,0,0,0,0,0,1,0,0,0,1,1289,0,0,0,0,0,1,1,0,5,0,0,0,1,0,0,0,0,0,0,2,0,0,0
2549,MORELOS,7,-99.128625,19.449741,0,0,0,0,0,0,0,0,0,0,0,0,0,0,0,0,0,0,1,0,0,0,0,1,165,1,0,0,0,0,0,0,0,0,0,0,0,0,0,0,0,0,0,0,2,0,0,0
2548,MORELOS,6,-99.127225,19.449543,0,0,0,0,0,0,0,0,0,0,0,0,0,0,0,0,0,0,1,0,0,0,0,1,96,1,0,0,0,0,0,0,0,0,0,0,0,0,0,0,0,0,0,0,0,0,0,0
2553,MORELOS,6,-99.130281,19.447218,0,0,0,0,0,0,0,0,0,0,0,0,0,0,1,0,0,0,0,1,0,0,0,1,470,0,0,0,0,0,0,0,0,0,0,0,0,0,0,0,0,0,0,0,3,0,0,0
10549,MORELOS,6,-99.12749,19.448499,0,0,0,0,0,0,0,0,0,0,0,0,0,0,0,0,0,0,1,1,0,0,0,2,800,1,0,0,0,0,0,0,0,0,0,0,0,0,0,0,0,0,0,0,0,0,0,0
2481,MORELOS,5,-99.124828,19.442731,0,0,0,0,0,0,0,0,0,0,0,0,0,0,1,0,0,0,1,0,0,0,0,0,274,0,0,0,0,0,0,0,0,4,0,0,0,0,0,0,0,0,0,1,0,1,0,0
2554,MORELOS,5,-99.129185,19.447056,0,0,0,0,0,0,0,0,0,0,0,0,0,0,0,0,0,0,0,3,0,0,0,1,1260,0,0,0,0,0,0,0,0,0,0,0,0,0,0,0,0,0,0,0,1,0,0,0
2558,MORELOS,5,-99.128929,19.447834,0,0,0,0,0,0,0,0,0,0,0,0,0,0,0,0,0,0,0,2,0,0,0,1,968,1,0,0,0,0,0,0,0,0,0,0,0,0,0,0,0,0,0,0,1,0,0,0
6705,MORELOS,5,-99.135158,19.445159,1,0,0,0,0,0,0,0,0,0,0,0,0,1,1,0,0,0,0,1,0,0,0,1,362,1,0,0,0,1,1,0,0,0,0,0,0,0,0,0,0,0,0,1,3,1,0,0
2555,MORELOS,4,-99.130272,19.448113,0,0,0,0,0,0,0,0,0,0,0,0,0,0,1,0,0,0,0,1,0,0,0,1,185,0,0,0,0,0,0,0,0,0,0,0,0,0,0,0,0,0,0,1,2,0,0,0
10535,MORELOS,4,-99.128593,19.444811,0,0,0,0,0,0,0,0,0,0,0,0,0,0,2,0,0,0,0,0,0,0,0,0,577,0,0,0,0,0,0,0,0,0,0,0,0,0,0,0,0,0,0,1,0,0,0,0
10547,MORELOS,4,-99.12459,19.443593,0,0,0,0,0,0,0,0,0,0,0,0,0,0,1,0,0,0,0,0,0,0,0,0,254,0,0,0,0,0,0,0,0,4,0,0,0,0,0,0,0,0,0,0,0,0,0,0
2546,MORELOS,3,-99.125696,19.443679,0,0,0,0,0,0,0,0,0,0,0,0,0,0,0,0,0,0,0,0,0,0,0,0,462,0,0,0,0,0,0,0,0,2,0,0,0,0,0,0,0,0,0,1,0,0,0,0
2551,MORELOS,3,-99.131713,19.450353,0,0,0,0,0,1,0,1,2,1,0,3,0,0,1,0,0,0,0,0,2,0,0,0,222,0,2,0,0,0,1,0,0,0,0,0,0,0,0,0,0,0,0,2,2,0,0,1
2568,MORELOS,3,-99.129451,19.445854,0,0,0,0,0,0,0,0,0,0,0,0,0,0,0,0,0,0,0,1,0,0,0,0,938,0,0,0,0,0,0,0,0,0,0,0,0,0,0,0,0,0,0,0,1,0,0,0
6746,MORELOS,3,-99.1327,19.446914,0,0,0,0,0,0,0,0,0,0,0,0,0,0,2,0,0,0,1,0,0,0,1,0,107,1,0,0,0,0,1,0,0,0,0,0,0,1,0,0,0,0,0,1,2,0,0,0
10223,MORELOS,3,-99.125609,19.442779,0,0,0,0,0,0,0,0,0,0,0,0,0,0,0,0,0,0,0,0,0,0,0,0,306,0,0,0,0,0,0,0,0,2,0,0,0,0,0,0,0,0,0,1,0,0,0,0
10548,MORELOS,3,-99.133711,19.448503,0,0,0,0,0,0,0,0,1,0,0,1,0,0,0,0,0,0,1,0,1,0,1,0,64,1,1,0,0,0,3,0,0,0,0,0,0,1,0,0,0,0,0,1,1,0,0,0
10551,MORELOS,3,-99.132682,19.447627,0,0,0,0,0,0,0,0,0,0,0,0,0,0,2,0,0,0,1,0,0,0,1,0,91,1,0,0,0,0,1,0,0,0,0,0,0,1,0,0,0,0,0,0,2,0,0,0
2224,MORELOS,2,-99.133978,19.447884,0,0,0,0,0,0,0,0,3,0,0,1,0,0,1,0,0,0,1,0,2,0,1,0,60,1,1,0,0,0,1,1,0,0,0,0,0,1,0,0,0,0,0,1,2,0,0,0
2255,MORELOS,2,-99.132773,19.445954,0,0,0,0,0,0,0,0,0,0,0,0,0,0,1,0,0,0,1,0,0,0,0,0,117,0,0,0,0,0,0,0,0,0,0,0,0,0,0,0,0,0,0,1,1,1,0,0
2557,MORELOS,2,-99.127671,19.447609,0,0,0,0,0,0,0,0,0,0,0,0,0,0,0,0,0,0,0,3,0,0,0,1,1185,0,0,0,0,0,0,0,0,0,0,0,0,0,0,0,0,0,0,1,0,0,0,0
6682,MORELOS,2,-99.130146,19.449189,0,0,0,0,0,0,0,0,0,0,0,0,0,0,1,0,0,0,1,0,0,0,0,0,214,0,0,0,0,0,0,0,0,0,0,0,0,0,0,0,0,0,0,1,3,0,0,0
6747,MORELOS,2,-99.130434,19.446036,0,0,0,0,0,0,0,0,0,0,0,0,0,0,0,0,0,0,0,1,0,0,0,0,172,0,0,0,0,0,0,0,0,0,0,0,0,0,0,0,0,0,0,0,1,0,0,0
10543,MORELOS,2,-99.130581,19.445537,0,0,0,0,0,0,0,0,0,0,0,0,0,0,0,0,0,0,0,0,0,0,0,0,132,0,0,0,0,0,0,0,1,0,0,0,0,0,0,0,0,0,0,0,1,0,0,0
2244,MORELOS,1,-99.132743,19.450415,0,0,0,0,0,1,0,1,3,1,0,3,0,0,2,0,0,0,0,0,3,0,0,0,130,0,3,0,0,0,2,0,0,0,0,0,0,0,0,0,0,0,0,1,1,0,0,1
2565,MORELOS,1,-99.130754,19.443097,0,0,0,0,0,0,0,0,0,0,0,0,0,0,0,0,0,0,0,1,0,0,0,0,1030,0,0,0,0,0,0,0,1,4,0,0,0,0,0,0,0,0,0,1,0,0,0,0
2567,MORELOS,1,-99.125615,19.450168,0,0,0,0,0,0,0,0,0,0,0,0,0,0,0,0,0,0,0,0,0,0,0,0,71,0,0,0,0,0,0,0,0,0,0,0,0,0,0,0,0,0,0,0,2,0,0,0
2570,MORELOS,1,-99.12834,19.450762,0,0,0,0,0,0,0,0,0,0,0,0,0,0,0,0,0,0,1,0,0,0,0,1,138,1,0,0,0,0,0,0,0,0,0,0,0,0,0,0,0,0,0,0,0,1,0,0
2571,MORELOS,1,-99.129799,19.452117,2,0,0,0,0,1,0,1,2,1,0,0,0,0,1,0,0,0,0,0,1,0,0,0,149,1,0,0,0,0,1,0,0,0,0,0,0,0,0,0,0,0,0,0,0,1,0,0
2572,MORELOS,1,-99.124959,19.451939,2,0,0,0,0,0,0,0,0,0,0,0,0,0,0,0,0,0,0,0,0,0,0,0,82,0,1,0,0,0,0,1,0,0,0,0,0,0,0,0,0,0,0,0,0,0,0,0
6195,MORELOS,1,-99.129966,19.450012,0,0,0,0,0,0,0,0,0,0,0,0,0,0,0,0,0,0,1,0,0,0,0,0,260,1,0,0,0,0,0,0,0,0,0,0,0,0,0,0,0,0,0,1,2,0,0,0
9118,MORELOS,1,-99.128012,19.445684,0,0,0,0,0,0,0,0,0,0,0,0,0,0,2,0,0,0,0,3,0,0,0,0,1330,0,0,0,0,0,0,0,0,0,0,0,0,0,0,0,0,0,0,0,0,0,0,0
10539,MORELOS,1,-99.134024,19.446072,0,0,0,0,0,0,0,0,0,0,0,0,0,1,1,0,0,0,0,0,0,0,1,0,111,0,0,0,0,1,1,0,0,0,0,0,0,0,0,0,0,0,0,1,1,1,0,0
10541,MORELOS,1,-99.125225,19.451492,2,0,0,0,0,0,0,0,0,0,0,0,0,0,0,0,0,0,0,0,0,0,0,0,70,0,0,0,0,0,0,1,0,0,0,0,0,0,0,0,0,0,0,0,1,0,0,0
10552,MORELOS,1,-99.125818,19.441776,0,0,0,0,0,0,0,0,0,0,0,0,0,0,0,0,0,0,0,0,0,0,0,0,470,0,0,0,0,0,0,0,0,2,0,0,0,0,0,0,0,0,0,1,0,0,0,0
12318,CONGRESO,12,-99.119716,19.435075,0,0,0,0,0,0,0,0,3,0,0,0,0,0,0,0,0,0,0,0,0,0,0,0,109,1,0,0,0,0,0,0,0,0,0,0,0,0,0,0,0,0,0,0,0,0,0,0
12315,CONGRESO,11,-99.119564,19.435996,0,0,0,0,0,0,0,0,3,0,0,0,0,0,0,0,0,0,0,0,0,0,0,0,72,1,0,0,0,0,0,0,0,0,0,0,0,0,0,0,0,0,0,0,0,0,0,0
2444,CONGRESO,4,-99.125303,19.428388,0,0,0,0,0,0,0,0,0,0,0,0,0,0,0,0,0,0,1,1,0,0,0,0,1966,0,0,0,0,1,0,0,0,0,0,0,0,0,0,0,0,0,0,0,0,0,0,0
2409,CONGRESO,1,-99.123767,19.438673,0,0,0,0,0,0,0,0,0,0,0,0,0,0,0,0,0,0,0,0,0,0,0,0,437,0,0,0,0,0,0,0,0,0,0,0,0,0,0,0,0,0,0,0,1,0,0,0
9283,CONGRESO,1,-99.125114,19.430774,0,0,0,0,0,0,0,0,0,0,0,0,0,0,0,0,0,0,1,0,0,0,0,1,837,1,0,0,0,1,0,0,0,0,0,0,0,0,0,0,0,0,0,0,0,0,0,0
11813,CONGRESO,1,-99.11597,19.432031,2,0,0,0,0,0,0,0,4,0,0,0,0,0,0,0,1,0,0,0,0,0,0,0,70,0,0,0,0,0,0,0,0,0,0,0,0,0,0,0,0,0,0,0,0,0,0,0
11976,CONGRESO,1,-99.114906,19.435385,0,0,0,0,0,0,0,0,2,0,0,0,0,1,1,0,0,0,0,0,0,0,0,0,29,0,0,0,0,0,1,0,0,0,0,0,0,0,0,0,0,0,0,0,1,0,0,0
12082,CONGRESO,1,-99.124514,19.431176,0,0,0,0,0,0,0,0,0,0,0,0,0,0,0,0,0,0,2,0,0,0,0,1,802,1,0,0,0,1,0,1,0,0,0,0,0,0,0,0,0,0,0,0,0,0,0,0
12089,CONGRESO,1,-99.120495,19.431794,0,0,0,0,0,0,0,0,0,0,1,1,0,0,1,0,0,0,0,0,0,0,0,0,128,0,30,0,0,0,0,0,1,0,0,0,0,0,0,0,0,0,0,1,0,0,0,0
12314,CONGRESO,1,-99.117888,19.436802,0,0,0,0,0,0,0,0,2,0,0,0,0,0,0,0,0,0,0,0,0,0,0,0,69,0,2,0,0,0,0,0,0,0,0,0,0,0,0,0,0,0,0,1,0,1,0,0
2469,CENTRO,59,-99.130905,19.441823,1,0,0,0,0,0,0,0,0,0,0,0,0,0,0,0,0,0,0,0,0,0,0,0,1424,0,0,0,0,0,0,0,0,2,0,0,0,0,0,0,0,0,0,0,0,1,0,0
2407,CENTRO,48,-99.139135,19.439575,1,0,0,0,0,0,0,0,2,0,0,0,0,0,3,0,0,0,1,0,2,1,0,1,269,1,0,0,0,0,1,0,0,0,1,0,0,0,0,0,0,0,0,0,0,2,0,0
12578,CENTRO,47,-99.139482,19.439129,0,0,0,0,0,0,0,0,2,0,0,0,0,0,3,0,0,0,1,0,2,1,0,1,179,0,0,0,0,0,1,1,0,1,1,0,0,0,0,0,0,0,0,0,0,2,1,0
2286,CENTRO,44,-99.139856,19.439694,0,0,0,0,0,0,0,0,2,0,0,0,0,0,4,0,0,0,2,0,2,1,0,1,227,0,0,0,0,0,1,0,0,0,1,0,0,0,0,0,0,0,0,0,0,2,1,0
2424,CENTRO,40,-99.13163,19.442373,0,0,0,0,0,0,0,0,0,0,0,0,0,0,0,0,0,0,0,0,0,0,0,0,726,0,0,0,0,0,0,1,0,4,0,0,0,0,0,0,0,0,0,0,0,1,0,0
5934,CENTRO,25,-99.139004,19.443353,0,0,0,0,0,0,0,0,2,0,0,3,0,0,2,0,0,0,0,1,2,0,0,0,213,0,0,0,0,0,1,0,0,5,0,0,0,0,0,0,0,0,0,0,0,0,0,0
2414,CENTRO,24,-99.139318,19.442783,0,0,0,0,0,0,0,0,2,0,0,6,0,0,2,0,0,0,0,1,1,0,0,0,113,0,0,0,0,0,0,0,0,4,0,0,0,0,0,0,0,0,0,0,2,0,0,0
6192,CENTRO,24,-99.140033,19.438664,1,0,0,0,0,0,0,0,2,0,0,0,0,0,1,0,0,0,1,1,3,0,0,1,303,0,0,0,0,0,0,1,0,4,0,0,0,0,0,0,0,0,0,0,0,2,1,0
2191,CENTRO,21,-99.125049,19.440235,0,0,0,0,0,0,0,0,0,0,0,0,0,0,0,0,0,0,0,0,0,0,0,0,491,0,0,0,0,0,0,0,0,0,0,0,0,0,0,0,0,0,0,1,1,1,0,0
2422,CENTRO,19,-99.131124,19.440801,3,0,0,0,0,0,0,0,0,0,0,0,0,0,0,0,0,0,1,0,0,0,0,0,777,0,0,0,0,0,1,0,0,0,0,0,0,0,0,0,0,0,0,0,1,1,0,0
6756,CENTRO,19,-99.131194,19.440091,3,0,0,0,0,0,0,0,0,0,0,0,0,0,0,0,0,0,0,0,0,0,0,0,859,0,0,0,0,0,2,0,0,0,0,0,0,0,0,0,0,0,0,1,2,1,0,0
2480,CENTRO,18,-99.135327,19.443717,2,0,0,0,0,0,0,0,0,0,0,0,0,1,0,0,0,0,0,2,0,0,0,1,1279,0,0,0,0,1,0,0,0,2,0,0,0,0,0,0,0,0,0,0,1,0,0,0
2530,CENTRO,17,-99.131426,19.425844,3,0,1,0,0,0,0,0,2,0,0,1,0,0,3,0,0,0,0,1,0,0,0,0,830,0,0,0,0,0,0,1,0,3,0,0,0,0,1,0,0,0,0,1,1,1,0,0
2537,CENTRO,17,-99.130616,19.425953,2,0,0,0,0,0,0,0,2,0,0,1,0,0,3,0,0,0,0,1,0,0,0,0,490,0,0,0,0,0,0,2,0,0,0,0,0,0,0,0,0,0,0,1,1,1,0,0
10471,CENTRO,17,-99.125008,19.440954,0,0,0,0,0,0,0,0,0,0,0,0,0,0,0,0,0,0,0,0,0,0,0,0,446,0,0,0,0,0,0,0,0,0,0,0,0,0,0,0,0,0,0,1,0,0,0,0
10544,CENTRO,17,-99.135261,19.444372,0,0,0,0,0,0,0,0,0,0,0,0,0,1,0,0,0,0,0,2,0,0,0,1,637,0,0,0,0,1,1,0,0,0,0,0,0,0,0,0,0,0,0,0,1,1,0,0
2428,CENTRO,15,-99.139173,19.440334,3,0,0,0,0,0,0,0,0,0,0,0,0,0,4,0,0,0,1,1,2,1,0,1,235,1,0,0,0,0,1,1,0,0,1,0,0,0,0,0,0,0,0,0,0,1,0,0
2472,CENTRO,14,-99.138832,19.442043,1,0,0,0,0,0,0,0,1,0,0,0,0,0,1,0,0,0,0,1,1,0,0,0,572,0,0,0,0,0,2,1,0,2,1,0,0,1,0,0,0,0,0,0,1,0,0,0
2208,CENTRO,13,-99.12561,19.426599,0,0,0,0,0,0,0,0,1,0,0,0,0,0,0,0,0,0,1,4,0,0,0,0,1880,0,0,0,0,0,0,0,0,2,0,0,0,0,0,0,0,0,0,0,0,0,0,0
2416,CENTRO,13,-99.125817,19.440236,0,0,0,0,0,0,0,0,0,0,0,0,0,0,1,0,0,0,0,0,0,0,0,0,532,0,0,0,0,0,0,0,0,0,0,0,0,0,0,0,0,0,1,2,0,1,0,0
2445,CENTRO,13,-99.126235,19.426526,0,0,0,0,0,0,0,0,1,0,0,0,0,0,0,0,0,0,1,3,0,0,0,0,1332,0,0,0,0,0,0,0,0,2,0,0,0,0,0,0,0,0,0,0,0,0,0,0
2465,CENTRO,12,-99.125083,19.439694,0,0,0,0,0,0,0,0,0,0,0,0,0,0,1,0,0,0,0,0,0,0,0,0,517,0,0,0,0,0,0,0,0,0,0,0,0,0,0,0,0,0,0,1,1,1,0,0
10482,CENTRO,12,-99.138687,19.439652,3,0,0,0,0,0,0,0,2,0,0,0,0,0,3,0,0,0,1,0,2,1,0,1,319,2,0,0,0,0,1,1,0,0,1,0,0,0,0,0,0,0,0,0,0,2,0,0
10465,CENTRO,11,-99.125779,19.4409,0,0,0,0,0,0,0,0,0,0,0,0,0,0,1,0,0,0,0,0,0,0,0,0,505,0,0,0,0,0,0,0,0,0,0,0,0,0,0,0,0,0,1,1,0,1,0,0
2474,CENTRO,10,-99.137899,19.443182,2,0,0,0,0,0,0,0,1,0,0,1,0,0,2,0,0,0,0,3,1,0,0,0,1371,0,0,0,0,0,1,1,0,6,0,0,0,1,0,0,0,0,0,0,0,0,0,0
2485,CENTRO,10,-99.131558,19.436499,5,0,0,0,0,0,0,0,2,0,0,2,0,1,0,0,0,0,0,0,0,0,0,0,539,0,0,0,0,0,9,1,0,0,4,0,0,0,1,0,0,0,0,0,0,0,0,0
10472,CENTRO,10,-99.126949,19.426665,0,0,0,0,0,0,0,0,1,0,0,0,0,0,0,0,0,0,0,0,0,0,0,0,701,0,0,0,0,1,0,0,0,1,0,0,0,0,0,0,0,0,0,0,0,0,0,0
2211,CENTRO,9,-99.131729,19.435731,5,0,0,0,0,0,0,0,2,0,0,1,0,1,0,0,0,0,0,0,0,0,0,0,284,0,0,0,0,1,12,1,0,0,5,1,1,2,1,0,0,0,0,0,0,0,0,0
2436,CENTRO,9,-99.128759,19.426126,0,0,0,0,0,0,1,0,0,0,0,1,0,0,2,0,0,0,0,0,0,0,0,0,465,0,0,0,0,0,1,1,0,0,0,0,0,1,0,0,0,0,0,0,0,0,0,0
10147,CENTRO,9,-99.12794,19.426005,0,0,0,0,0,0,0,0,0,0,0,0,0,0,0,0,0,0,0,0,0,0,0,0,516,0,0,0,0,0,1,1,0,0,0,0,0,1,0,0,0,0,0,0,0,0,0,0
496,CENTRO,8,-99.132863,19.42645,11,0,1,0,0,0,0,0,2,0,0,0,0,0,1,0,0,0,0,0,0,0,0,0,1256,0,0,0,0,0,0,1,0,3,0,0,0,0,1,0,0,0,0,0,2,1,0,0
1338,CENTRO,8,-99.129735,19.436306,2,0,0,0,0,0,1,0,1,0,0,1,0,0,0,0,0,0,0,0,0,0,0,1,489,0,0,0,0,1,4,0,0,0,1,0,0,0,0,0,0,0,1,0,2,0,1,1
2346,CENTRO,8,-99.132922,19.425798,10,0,1,0,0,0,0,1,2,0,0,0,0,0,2,0,0,0,1,0,0,0,0,0,931,0,0,0,0,0,0,2,0,4,0,0,0,0,1,0,0,0,0,0,2,1,0,0
2421,CENTRO,8,-99.133077,19.440646,6,0,0,0,0,0,0,1,0,0,0,0,0,0,1,0,0,0,1,0,0,0,0,0,435,0,0,0,0,0,1,2,1,0,0,0,0,0,0,0,0,0,0,1,0,1,0,0
2471,CENTRO,8,-99.132707,19.443258,0,0,0,0,0,0,0,0,0,0,0,0,0,1,0,0,0,0,0,0,0,0,0,0,320,0,0,0,0,0,0,1,0,4,0,0,0,0,0,0,0,0,0,0,0,1,0,0
6194,CENTRO,8,-99.133031,19.442477,0,0,0,0,0,0,0,1,0,0,0,0,0,0,1,0,0,0,1,0,0,0,0,0,332,0,0,0,0,0,0,1,0,4,0,0,0,0,0,0,0,0,0,0,0,1,0,0
2411,CENTRO,7,-99.12571,19.425677,1,0,0,0,0,0,0,0,1,0,0,0,0,0,0,0,0,0,1,5,0,0,0,0,1695,0,2,0,0,0,0,0,0,2,0,0,0,0,0,0,0,0,0,0,0,0,0,0
6673,CENTRO,7,-99.127661,19.435191,1,0,0,0,0,0,0,0,2,0,0,0,0,0,2,0,0,0,2,0,0,0,0,1,1031,0,0,0,0,1,1,0,0,0,0,0,0,0,0,0,0,0,1,1,2,0,0,1
1340,CENTRO,6,-99.129454,19.437053,2,0,0,0,0,0,1,0,1,0,0,1,0,0,0,0,0,0,0,1,0,0,0,0,884,0,0,0,0,1,2,0,0,0,1,0,0,0,0,0,0,0,1,0,3,0,1,0
2405,CENTRO,6,-99.13356,19.437682,14,0,0,0,0,0,0,0,0,0,0,2,0,0,1,0,0,0,0,0,0,0,0,0,1131,0,0,0,0,1,4,0,0,0,5,0,1,1,0,0,0,0,0,0,1,0,0,1
2467,CENTRO,6,-99.124827,19.441691,0,0,0,0,0,0,0,0,0,0,0,0,0,0,0,0,0,0,1,0,0,0,0,0,336,0,0,0,0,0,0,0,0,4,0,0,0,0,0,0,0,0,0,1,0,1,0,0
490,CENTRO,5,-99.131158,19.428019,17,0,0,0,0,0,0,0,0,0,0,0,0,0,0,0,0,0,1,0,0,0,0,0,1056,0,0,0,0,0,2,1,0,0,1,0,0,1,0,0,0,0,0,0,3,1,0,0
2413,CENTRO,5,-99.130693,19.427972,9,0,0,0,0,0,0,0,1,0,0,0,0,0,0,0,0,0,1,0,0,0,0,0,1025,0,0,0,0,0,1,1,0,0,0,0,0,0,0,0,0,0,0,0,2,1,0,0
2419,CENTRO,5,-99.138555,19.440805,3,0,0,0,0,0,0,0,0,0,0,0,0,0,2,0,0,0,0,1,1,1,0,1,294,1,0,0,0,0,1,1,0,0,1,0,0,0,0,0,0,0,0,0,0,0,0,0
9116,CENTRO,5,-99.135267,19.43965,0,0,0,0,0,0,0,0,2,0,0,0,0,0,1,0,0,0,0,0,0,0,0,0,406,0,0,0,1,1,1,1,1,0,0,0,0,1,0,0,0,0,0,0,1,0,0,0
2484,CENTRO,4,-99.137732,19.437344,2,0,0,0,0,0,0,0,1,0,0,1,0,3,0,0,0,0,1,0,0,0,0,0,350,1,0,0,1,0,0,2,0,1,0,0,0,1,0,0,0,0,0,1,1,0,0,0
6679,CENTRO,4,-99.133715,19.436876,14,0,0,0,0,0,0,0,0,0,0,3,0,0,1,0,0,0,0,0,0,0,0,0,1262,0,0,0,0,1,7,2,0,0,6,0,1,2,0,0,0,0,0,0,1,0,0,1
6708,CENTRO,4,-99.127272,19.431121,3,0,0,0,0,0,0,0,0,0,0,0,0,0,2,0,0,0,1,0,0,0,0,0,719,1,0,0,0,0,0,2,0,0,0,0,0,0,0,0,0,0,0,0,1,0,0,0
1667,CENTRO,3,-99.133353,19.438544,7,0,0,0,0,0,0,0,0,0,0,2,0,0,1,0,0,0,0,0,0,0,0,0,769,0,0,0,1,1,5,1,1,0,4,0,1,1,0,0,0,0,0,1,0,0,0,1
2434,CENTRO,3,-99.128068,19.431215,7,0,0,0,0,0,0,0,0,0,0,0,0,0,2,0,0,0,1,0,0,0,0,0,780,1,0,0,0,0,0,2,0,0,0,0,0,0,0,0,0,0,0,0,1,0,0,0
2438,CENTRO,3,-99.125208,19.429192,0,0,0,0,0,0,0,0,0,0,0,0,0,0,0,0,0,0,1,0,0,0,0,1,1544,1,0,0,0,1,0,0,0,0,0,0,0,0,0,0,0,0,0,0,0,0,0,0
2446,CENTRO,3,-99.127816,19.426732,0,0,0,0,0,0,0,0,0,0,0,0,0,0,0,0,0,0,0,0,0,0,0,0,601,0,0,0,0,1,1,1,0,0,0,0,0,0,0,0,0,0,0,0,0,0,0,0
2460,CENTRO,3,-99.125649,19.43212,3,0,0,0,0,0,0,0,0,0,0,0,0,0,1,0,0,0,1,0,0,0,0,1,811,0,0,0,0,0,0,2,0,0,0,0,0,0,0,0,0,0,0,0,1,0,0,0
2463,CENTRO,3,-99.13538,19.438774,0,0,0,0,0,0,0,0,2,0,0,0,0,0,0,0,0,0,0,0,0,0,0,0,520,0,0,0,1,1,2,1,1,0,1,0,0,1,0,0,0,0,0,1,1,0,0,0
2476,CENTRO,3,-99.137448,19.439586,3,0,0,0,0,0,0,0,0,0,0,0,0,0,1,0,0,0,0,0,0,0,0,1,334,2,0,0,0,0,0,2,0,0,0,0,0,0,0,0,0,0,0,1,2,0,0,0
2521,CENTRO,3,-99.130495,19.428737,15,0,0,0,0,0,0,0,1,0,0,0,0,0,0,0,0,0,1,0,0,0,0,0,646,0,0,0,0,0,1,1,0,0,1,0,0,0,0,0,0,0,0,0,2,0,0,0
9157,CENTRO,3,-99.137771,19.43823,0,0,0,0,0,0,0,0,1,0,0,0,0,2,1,0,0,0,1,0,0,0,0,1,309,1,0,0,1,0,0,2,0,0,0,0,0,1,0,0,0,0,0,1,1,0,0,0
10468,CENTRO,3,-99.126813,19.435043,2,0,0,0,0,0,0,0,0,0,0,0,0,0,2,0,0,0,2,0,0,0,0,1,1544,0,0,0,0,1,1,0,0,0,0,0,0,0,0,0,0,0,1,1,1,0,0,0
10476,CENTRO,3,-99.136705,19.439491,3,0,0,0,0,0,0,0,1,0,0,0,0,0,2,0,0,0,0,0,0,0,0,1,418,2,0,0,0,0,0,2,0,0,0,0,0,0,0,0,0,0,0,1,2,0,0,0
10,CENTRO,2,-99.127634,19.434369,1,0,0,0,0,0,0,0,0,0,0,0,0,0,2,0,0,0,4,0,0,0,0,2,946,0,0,0,0,1,4,0,0,0,1,0,1,0,0,0,0,0,0,1,2,0,0,1
2410,CENTRO,2,-99.124374,19.434661,5,0,0,0,0,0,0,0,1,0,0,0,0,0,0,0,0,0,0,1,0,0,0,0,1524,0,0,0,0,0,0,1,0,0,0,0,0,0,0,0,0,0,0,0,0,0,0,0
2425,CENTRO,2,-99.137217,19.440836,3,0,0,0,0,0,0,0,0,0,0,0,0,0,2,0,0,0,0,1,0,0,0,0,624,2,0,0,0,0,1,2,0,0,0,0,0,1,0,0,0,0,0,0,1,0,0,0
2454,CENTRO,2,-99.125232,19.43485,3,0,0,0,0,0,0,0,0,0,0,0,0,0,0,0,0,0,0,1,0,0,0,0,1840,0,0,0,0,0,0,1,0,0,0,0,0,0,0,0,0,0,0,1,0,0,0,0
2477,CENTRO,2,-99.138895,19.438355,1,0,0,0,0,0,0,0,2,0,0,1,0,1,2,0,0,0,1,0,1,0,0,1,291,1,0,0,0,0,0,3,0,4,0,0,0,1,0,0,0,0,0,0,1,2,0,0
2483,CENTRO,2,-99.127428,19.441942,0,0,0,0,0,0,0,0,0,0,0,0,0,0,1,0,0,0,1,0,0,0,0,0,478,0,0,0,0,0,0,0,0,0,0,0,0,0,0,0,0,0,1,1,0,1,0,0
2544,CENTRO,2,-99.13024,19.43134,21,0,0,0,0,0,0,0,0,0,0,0,0,4,0,0,0,0,1,0,0,0,0,0,642,1,0,0,0,0,2,0,0,0,1,0,0,0,0,0,0,0,0,0,0,0,0,0
3753,CENTRO,2,-99.125624,19.424258,3,0,0,0,0,0,0,0,3,0,0,0,0,0,0,0,0,0,0,4,0,0,0,0,1481,0,15,0,0,0,0,1,0,2,0,0,0,0,0,0,0,0,0,0,0,0,0,0
6692,CENTRO,2,-99.131317,19.43926,9,0,0,0,0,0,0,0,0,0,0,0,0,0,0,0,0,0,0,0,0,0,0,0,1419,0,0,0,0,0,2,0,0,0,0,0,0,0,0,0,0,0,0,1,2,1,0,0
10475,CENTRO,2,-99.123759,19.440241,0,0,0,0,0,0,0,0,0,0,0,0,0,0,0,0,0,0,0,0,0,0,0,0,286,0,0,0,0,1,0,0,0,0,0,0,0,0,0,0,0,0,0,1,0,1,0,0
11,CENTRO,1,-99.129471,19.427922,8,0,0,0,0,0,0,0,1,0,0,0,0,0,0,0,0,0,0,0,0,0,0,0,752,0,0,0,0,0,0,1,0,0,0,0,0,0,0,0,0,0,0,0,2,0,0,0
1320,CENTRO,1,-99.126099,19.423001,6,0,0,0,0,0,0,0,1,0,0,0,0,0,0,0,0,0,0,1,0,0,0,0,801,0,15,0,0,0,0,2,0,0,0,0,0,0,0,0,0,0,0,0,0,0,0,0
2195,CENTRO,1,-99.129031,19.432524,5,0,0,0,0,0,0,0,0,0,0,0,0,0,0,0,0,0,2,0,0,0,0,0,807,0,0,0,0,0,6,1,0,0,3,0,2,0,0,0,0,0,0,0,3,0,1,0
2423,CENTRO,1,-99.134163,19.441766,0,0,0,0,0,0,0,1,0,0,0,0,0,0,2,0,0,0,1,0,0,0,0,0,447,0,0,0,0,0,0,1,0,0,0,0,0,0,0,0,0,0,0,0,0,1,0,0
2426,CENTRO,1,-99.133752,19.439742,6,0,0,0,0,0,0,0,0,0,0,1,0,0,1,0,0,0,1,0,0,0,0,0,705,0,0,0,1,1,4,1,1,0,1,0,1,1,0,0,0,0,0,1,0,0,0,1
2429,CENTRO,1,-99.127349,19.437469,0,0,0,0,0,0,0,0,2,0,0,0,0,0,0,0,0,0,1,2,0,0,0,0,1260,0,0,0,0,1,0,0,0,0,0,0,0,0,0,0,0,0,1,0,0,0,1,0
2433,CENTRO,1,-99.125144,19.43278,3,0,0,0,0,0,0,0,0,0,0,0,0,0,0,0,0,0,0,1,0,0,0,0,698,0,0,0,0,0,0,1,0,0,0,0,0,0,0,0,0,0,0,0,0,0,0,0
2437,CENTRO,1,-99.126834,19.425612,0,0,0,0,0,0,0,0,1,0,0,0,0,0,0,0,0,0,0,1,0,0,0,0,774,0,11,0,0,0,1,0,0,2,0,0,0,1,0,0,0,0,0,0,0,0,0,0
2439,CENTRO,1,-99.125407,19.427575,0,0,0,0,0,0,0,0,0,0,0,0,0,0,0,0,0,0,1,2,0,0,0,0,1977,0,0,0,0,0,0,0,0,1,0,0,0,0,0,0,0,0,0,0,0,0,0,0
2442,CENTRO,1,-99.129447,19.428656,12,0,0,0,0,0,0,0,1,0,0,0,0,0,0,0,0,0,1,0,0,0,0,0,762,0,0,0,0,0,1,2,0,0,0,0,0,0,0,0,0,0,0,0,1,0,0,0
2447,CENTRO,1,-99.127362,19.430022,5,0,0,0,0,0,0,0,0,0,0,0,0,0,2,0,0,0,0,0,0,0,0,0,721,1,0,0,0,2,0,2,0,0,0,0,0,0,0,0,0,0,0,0,0,0,0,0
2448,CENTRO,1,-99.128315,19.430221,6,0,0,0,0,0,0,0,1,0,0,0,0,0,2,0,0,0,1,0,0,0,0,0,741,1,0,0,0,0,0,2,0,0,0,0,0,0,0,0,0,0,0,0,0,0,0,0
2451,CENTRO,1,-99.128579,19.427726,8,0,0,0,0,0,0,0,1,0,0,0,0,0,0,0,0,0,0,0,0,0,0,0,694,0,0,0,0,1,0,2,0,0,0,0,0,0,0,0,0,0,0,0,1,0,0,0
2452,CENTRO,1,-99.126629,19.424275,3,0,0,0,0,0,0,0,2,0,0,0,0,0,0,0,0,0,0,2,0,0,0,0,546,0,15,0,0,0,1,1,0,0,0,0,0,1,0,0,0,0,0,0,0,0,0,0
2461,CENTRO,1,-99.128081,19.424401,0,0,0,0,0,0,1,0,0,0,0,0,0,0,0,0,0,0,0,0,0,0,0,0,277,0,15,0,0,0,1,1,0,0,0,0,0,1,0,0,0,0,0,0,0,0,0,0
2464,CENTRO,1,-99.135675,19.437544,5,0,0,0,0,0,0,0,2,0,0,0,0,0,0,0,0,0,0,0,0,0,0,0,974,0,0,0,0,1,2,0,0,0,2,0,1,1,0,0,0,0,0,1,2,0,0,0
6198,CENTRO,1,-99.128403,19.440701,3,0,0,0,0,0,0,0,0,0,0,1,0,0,1,0,0,0,1,0,0,0,0,0,686,0,0,0,0,0,0,0,0,0,0,0,0,0,0,0,0,0,1,1,0,1,0,0
6657,CENTRO,1,-99.128906,19.433282,3,0,0,0,0,0,0,0,0,0,0,0,0,0,0,0,0,0,2,0,0,0,0,1,915,0,0,0,0,1,6,0,0,0,3,0,2,0,0,0,0,0,0,0,2,1,1,0
6686,CENTRO,1,-99.125214,19.4387,0,0,0,0,0,0,0,0,0,0,0,0,0,0,0,0,0,0,0,0,0,0,0,0,714,0,0,0,0,0,0,0,0,0,0,0,0,0,0,0,0,0,0,1,1,1,0,0
6700,CENTRO,1,-99.136709,19.440739,3,0,0,0,0,0,0,0,0,0,0,0,0,0,1,0,0,0,0,1,0,0,0,0,702,2,0,0,0,0,1,2,0,0,0,0,0,1,0,0,0,0,0,0,1,0,0,0
6712,CENTRO,1,-99.127604,19.44069,0,0,0,0,0,0,0,0,0,0,0,1,0,0,2,0,0,0,1,0,0,0,0,0,791,0,0,0,0,0,0,0,0,0,0,0,0,0,0,0,0,0,1,1,0,2,0,0
6722,CENTRO,1,-99.126805,19.434161,2,0,0,0,0,0,0,0,0,0,0,0,0,0,2,0,0,0,2,1,0,0,0,1,1233,0,0,0,0,1,0,1,0,0,0,0,0,0,0,0,0,0,0,1,1,0,0,0
9115,CENTRO,1,-99.136191,19.440819,3,0,0,0,0,0,0,0,0,0,0,0,0,0,1,0,0,0,0,1,0,0,0,0,969,1,0,0,0,0,1,1,0,0,0,0,0,1,0,0,0,0,0,0,1,0,0,0
9282,CENTRO,1,-99.126989,19.428305,0,0,0,0,0,0,0,0,0,0,0,0,0,0,1,0,0,0,0,0,0,0,0,0,646,0,0,0,0,1,0,1,0,0,0,0,0,0,0,0,0,0,0,0,0,0,0,0
10116,CENTRO,1,-99.127836,19.42764,5,0,0,0,0,0,0,0,1,0,0,0,0,0,0,0,0,0,0,0,0,0,0,0,669,0,0,0,0,1,0,0,0,0,0,0,0,0,0,0,0,0,0,0,1,0,0,0
10146,CENTRO,1,-99.125813,19.434854,2,0,0,0,0,0,0,0,0,0,0,0,0,0,1,0,0,0,1,1,0,0,0,1,1994,0,0,0,0,0,0,0,0,0,0,0,0,0,0,0,0,0,0,1,0,0,0,0
10463,CENTRO,1,-99.133964,19.44318,0,0,0,0,0,0,0,1,0,0,0,0,0,1,0,0,0,0,0,1,0,0,0,1,569,0,0,0,0,0,0,1,0,2,0,0,0,0,0,0,0,0,0,0,0,1,0,0
10479,CENTRO,1,-99.127063,19.438287,0,0,0,0,0,0,0,0,2,0,0,0,0,0,1,0,0,0,0,2,0,0,0,0,1071,0,0,0,0,1,0,0,0,0,0,0,0,0,0,0,0,0,0,0,1,1,0,0
10481,CENTRO,1,-99.13541,19.440811,0,0,0,0,0,0,0,0,0,0,0,0,0,0,1,0,0,0,0,1,0,0,0,0,411,0,0,0,1,0,0,0,1,0,0,0,0,0,0,0,0,0,0,0,1,0,0,0
10483,CENTRO,1,-99.126427,19.428346,0,0,0,0,0,0,0,0,0,0,0,0,0,0,0,0,0,0,0,0,0,0,0,0,692,0,0,0,0,2,0,0,0,0,0,0,0,0,0,0,0,0,0,0,0,0,0,0
11824,CENTRO,1,-99.123112,19.440892,0,0,0,0,0,0,0,0,0,0,0,0,0,0,0,0,0,0,1,0,0,0,0,0,184,0,0,0,0,1,0,0,0,1,0,0,0,0,0,0,0,0,0,1,0,1,0,0
11968,CENTRO,1,-99.123282,19.439618,0,0,0,0,0,0,0,0,0,0,0,0,0,0,0,0,0,0,0,0,0,0,0,0,218,0,0,0,0,1,0,0,0,0,0,0,0,0,0,0,0,0,0,2,0,0,0,0
12086,CENTRO,1,-99.124853,19.426287,1,0,0,0,0,0,0,0,1,0,0,0,0,0,0,0,0,0,1,6,0,0,0,0,3160,0,0,0,0,0,0,0,0,2,0,0,0,0,0,0,0,0,0,0,0,0,0,0
6,ALAMEDA,41,-99.146751,19.433729,27,0,1,0,0,0,0,0,0,1,0,2,0,0,0,0,0,0,0,0,0,0,0,0,507,1,0,0,1,0,2,4,0,2,1,0,0,0,0,0,0,0,3,0,0,0,0,0
2342,ALAMEDA,38,-99.146103,19.433632,19,0,1,0,0,0,0,0,0,1,0,4,0,0,0,0,0,0,0,0,0,0,0,0,517,2,0,0,1,0,3,4,0,2,1,0,0,0,0,0,0,0,2,0,0,0,0,0
1354,ALAMEDA,29,-99.143403,19.429468,15,0,0,0,0,0,0,0,2,0,0,1,0,0,1,0,0,0,1,2,1,0,0,0,894,1,0,0,0,0,0,1,0,0,1,0,0,0,0,0,0,0,0,0,0,0,0,0
1361,ALAMEDA,29,-99.142622,19.429189,15,0,1,0,0,0,0,0,4,0,0,1,0,0,1,0,0,0,1,1,2,0,0,0,1566,1,0,0,0,0,0,2,0,2,0,0,0,1,0,0,0,0,0,0,0,0,0,0
9220,ALAMEDA,28,-99.147603,19.430136,3,0,0,0,0,0,0,0,3,0,0,2,0,0,2,0,0,0,0,1,0,0,1,0,520,0,0,0,0,2,1,1,0,0,1,0,1,0,0,0,0,0,0,0,0,0,0,2
1344,ALAMEDA,26,-99.146814,19.430279,3,0,0,0,0,0,0,0,3,0,0,1,0,0,1,0,0,0,0,1,0,0,0,0,621,0,0,0,0,1,1,2,0,0,0,0,1,0,0,0,0,0,0,0,0,0,0,2
10118,ALAMEDA,21,-99.139333,19.42727,7,0,0,0,0,0,0,0,0,0,0,0,0,0,0,0,0,0,1,0,0,0,0,0,421,0,0,0,0,0,5,0,0,2,0,0,0,1,0,0,0,0,1,0,0,0,0,0
492,ALAMEDA,16,-99.140079,19.427491,3,0,0,0,0,0,0,0,0,0,0,0,0,0,0,0,0,0,1,0,0,0,0,0,441,0,0,0,0,0,6,0,0,3,0,0,0,2,0,0,0,0,1,1,1,1,1,0
2214,ALAMEDA,16,-99.143358,19.432929,13,0,1,0,0,0,0,0,0,0,0,1,1,0,1,0,0,0,1,0,0,0,0,0,628,2,0,0,0,0,0,2,0,0,0,0,0,0,0,0,0,0,1,0,0,0,0,0
7,ALAMEDA,15,-99.142696,19.433091,10,0,1,0,0,0,0,0,0,0,0,3,1,0,1,0,0,0,1,0,1,0,0,0,899,5,0,0,0,0,0,2,0,0,0,0,0,0,0,0,0,0,1,0,0,0,0,0
2201,ALAMEDA,10,-99.140988,19.434097,9,0,0,0,0,0,0,0,0,0,0,3,0,0,0,0,0,0,2,0,2,0,0,0,1143,5,0,0,0,1,5,2,0,0,6,0,1,1,0,0,0,0,2,0,0,0,0,0
2186,ALAMEDA,9,-99.141963,19.427942,5,0,1,0,0,0,0,0,0,0,0,0,0,0,0,0,0,0,0,1,4,0,0,2,1276,1,0,0,0,0,3,3,0,6,0,0,0,1,0,0,0,0,1,1,1,1,1,0
10127,ALAMEDA,7,-99.141004,19.431896,10,0,1,0,0,0,0,0,2,0,0,1,0,0,0,0,0,0,0,0,3,0,0,0,2021,2,0,0,0,0,0,3,0,4,0,0,0,0,0,0,0,0,1,0,0,0,0,0
2188,ALAMEDA,6,-99.14651,19.431092,3,0,0,0,0,1,0,0,3,0,0,0,0,0,1,0,0,0,0,1,0,0,0,0,529,0,0,0,0,1,2,2,0,0,0,0,1,0,0,0,0,0,0,0,0,0,0,1
2216,ALAMEDA,6,-99.132353,19.429946,21,0,0,0,0,0,1,0,2,0,0,1,0,3,0,0,0,0,3,0,0,0,0,0,532,5,0,0,0,0,4,0,0,2,3,0,0,1,0,0,0,0,0,0,0,0,0,0
2532,ALAMEDA,6,-99.137131,19.427041,12,0,0,0,0,0,0,0,0,0,0,1,0,0,0,0,1,0,0,0,0,0,0,0,351,0,0,0,0,2,5,3,0,2,0,0,0,1,0,0,0,0,0,0,0,0,0,1
9156,ALAMEDA,6,-99.139935,19.42892,0,0,0,0,0,0,0,0,2,0,0,0,0,0,0,0,0,0,1,0,2,0,0,0,1404,0,0,0,0,1,8,0,0,0,0,0,0,2,0,0,0,0,1,1,1,1,1,0
1363,ALAMEDA,5,-99.148547,19.4296,1,0,0,0,0,0,0,0,2,0,0,2,0,0,2,0,0,0,0,0,0,0,1,0,369,0,0,0,0,2,2,1,0,0,1,0,1,0,0,0,0,0,0,0,0,0,1,2
2190,ALAMEDA,5,-99.144144,19.427073,8,0,0,0,0,0,0,0,0,0,0,0,0,0,0,0,0,0,0,1,0,0,0,2,472,2,0,0,0,0,0,4,0,2,0,0,0,0,0,0,0,0,1,0,1,0,0,0
2495,ALAMEDA,5,-99.140893,19.434775,13,0,0,0,0,0,0,0,1,0,0,3,0,1,0,0,0,0,2,0,2,0,0,0,853,3,0,0,0,2,8,0,0,6,8,0,1,3,0,0,0,0,2,0,0,0,0,0
2528,ALAMEDA,5,-99.139115,19.428206,0,0,0,0,0,0,0,0,0,0,0,0,0,0,0,0,0,0,1,0,0,0,0,0,507,0,0,0,0,1,9,0,0,0,0,0,0,1,0,0,0,0,1,1,1,1,1,0
10129,ALAMEDA,5,-99.141594,19.431164,7,0,1,0,0,0,0,0,3,0,0,0,0,0,0,0,0,0,1,0,2,0,0,0,2248,1,0,0,0,0,0,3,0,4,0,0,0,0,0,0,0,0,0,0,0,0,0,0
10165,ALAMEDA,5,-99.145585,19.429868,6,0,0,0,0,0,0,0,0,0,0,0,0,0,1,0,0,0,0,2,0,0,0,0,525,0,0,0,0,0,0,1,0,0,1,0,0,0,0,0,0,0,0,0,0,0,0,0
1346,ALAMEDA,4,-99.135482,19.425048,20,0,0,0,0,0,0,0,0,0,0,0,0,0,1,0,2,0,2,0,0,0,0,1,392,0,0,0,0,0,2,1,0,0,0,0,0,1,0,0,0,0,0,0,0,1,0,1
2184,ALAMEDA,4,-99.145822,19.429177,6,0,0,0,0,0,0,0,0,0,0,0,0,0,1,0,0,0,0,2,0,0,0,0,445,0,0,0,0,0,0,1,0,0,1,0,0,0,0,0,0,0,1,0,0,0,0,1
2513,ALAMEDA,4,-99.132259,19.430697,22,0,0,0,0,0,0,0,1,0,0,1,0,5,0,0,0,0,2,0,0,0,0,0,465,5,0,0,0,0,3,0,0,3,1,0,0,1,0,0,0,0,0,0,0,0,0,0
48,ALAMEDA,3,-99.14514,19.432563,2,0,0,0,0,1,0,0,0,0,0,0,0,0,1,0,0,0,0,0,0,0,0,0,458,0,0,0,0,0,3,1,0,0,1,0,0,0,0,0,0,0,1,0,0,0,0,0
2196,ALAMEDA,3,-99.13738,19.426382,19,0,0,0,0,0,0,0,0,0,0,1,0,0,0,0,2,0,0,0,0,0,0,0,318,0,0,0,0,1,4,2,0,2,0,0,0,1,0,0,0,0,0,0,0,0,0,1
2198,ALAMEDA,3,-99.141546,19.430229,6,0,1,0,0,0,0,0,3,0,0,0,0,0,0,0,0,0,0,1,4,0,0,0,2496,0,0,0,0,0,2,2,0,4,0,0,0,1,0,0,0,0,0,1,1,1,1,0
2218,ALAMEDA,3,-99.145083,19.433326,11,0,0,0,0,1,0,0,0,1,0,2,0,0,1,0,0,0,1,0,0,1,0,0,419,1,0,0,1,0,2,1,0,0,1,0,0,0,0,0,0,0,1,0,0,0,0,0
2486,ALAMEDA,3,-99.140178,19.434712,21,0,0,0,0,0,0,0,0,0,0,4,0,1,1,0,0,0,2,0,1,1,0,0,956,3,0,1,0,2,14,0,0,3,11,0,2,2,0,0,0,0,2,0,0,0,0,1
2524,ALAMEDA,3,-99.141431,19.429479,4,0,1,0,0,0,0,0,3,0,0,0,0,0,0,0,0,0,0,1,3,0,0,0,2276,0,0,0,0,0,2,1,0,2,0,0,0,1,0,0,0,0,0,1,1,1,1,0
2525,ALAMEDA,3,-99.136953,19.428515,0,0,0,0,0,0,0,0,2,0,0,0,0,0,0,0,0,0,1,0,0,0,0,0,372,0,0,0,0,3,3,2,0,0,0,0,0,0,0,0,0,0,1,0,0,0,0,0
9251,ALAMEDA,3,-99.149883,19.431578,1,0,0,0,0,0,0,0,5,0,0,1,0,0,1,0,0,0,1,0,0,0,0,0,205,0,0,0,0,1,4,1,0,0,1,0,0,4,0,0,0,0,0,0,0,0,1,0
10122,ALAMEDA,3,-99.130239,19.430404,17,0,0,0,0,0,0,0,0,0,0,0,0,0,0,0,0,0,1,0,0,0,0,0,766,1,0,0,0,0,2,1,0,0,0,0,0,0,0,0,0,0,0,0,0,0,0,0
5,ALAMEDA,2,-99.14188,19.434242,13,0,1,0,0,0,0,0,0,0,0,5,1,0,0,0,0,0,2,0,2,0,0,0,963,5,0,0,0,1,4,2,0,2,3,0,0,2,0,0,0,0,1,0,0,0,0,0
136,ALAMEDA,2,-99.143738,19.436604,10,0,0,0,0,0,0,0,0,0,0,5,0,0,2,0,0,0,1,0,0,1,0,0,38,0,0,0,1,1,3,0,0,1,4,0,0,0,0,0,0,0,0,0,0,0,0,0
1671,ALAMEDA,2,-99.146969,19.428997,1,0,0,0,0,0,0,0,0,0,0,1,0,0,1,0,0,0,0,1,0,0,1,0,298,0,0,0,0,2,0,3,0,0,0,0,0,0,0,0,0,0,1,0,0,0,0,1
2187,ALAMEDA,2,-99.149241,19.427349,21,0,0,0,0,0,0,0,1,0,0,0,0,0,1,0,0,0,0,0,0,0,1,0,182,1,0,0,0,0,0,0,0,4,0,0,0,0,0,0,0,0,0,1,1,0,1,1
2194,ALAMEDA,2,-99.133677,19.429259,9,0,0,0,0,0,1,0,2,0,0,1,0,0,0,0,0,0,2,0,0,0,0,0,1053,3,0,0,0,0,2,1,0,0,3,0,0,1,0,0,0,0,1,0,0,0,0,1
2206,ALAMEDA,2,-99.146257,19.435775,22,0,1,0,0,0,0,0,4,1,0,19,0,0,1,0,0,0,0,0,1,0,0,0,206,2,0,2,0,1,2,0,0,3,2,0,0,2,0,0,0,0,1,0,0,0,0,0
2219,ALAMEDA,2,-99.14802,19.436071,29,0,1,0,0,0,0,0,3,0,0,13,0,0,1,0,0,0,0,0,2,0,0,0,333,2,0,2,0,1,2,5,0,5,2,0,0,2,0,0,0,0,2,0,0,0,0,1
2380,ALAMEDA,2,-99.142017,19.435154,14,0,1,0,0,0,0,0,2,0,0,5,1,0,0,0,0,0,1,0,1,0,0,0,577,4,0,0,0,0,4,0,0,5,2,0,1,1,0,0,0,0,0,0,0,0,0,0
2491,ALAMEDA,2,-99.139076,19.437605,2,0,0,0,0,0,0,0,2,0,0,2,0,3,2,0,0,0,2,0,2,1,0,0,272,1,0,1,0,0,3,3,0,4,2,0,1,2,0,0,0,0,0,0,0,1,0,0
2497,ALAMEDA,2,-99.135596,19.434074,10,0,3,0,0,0,0,0,0,0,0,1,3,0,0,0,0,0,1,0,0,1,0,0,2134,3,0,0,0,1,7,0,0,0,2,0,0,3,0,0,0,0,0,0,0,0,0,0
2505,ALAMEDA,2,-99.141234,19.432759,9,0,0,0,0,0,0,0,0,0,0,2,0,0,0,0,0,0,2,0,4,0,0,0,1798,6,0,0,0,1,2,2,0,4,3,0,0,1,0,0,0,0,1,0,0,0,0,0
2514,ALAMEDA,2,-99.133754,19.430153,18,0,0,0,0,0,1,0,2,0,0,1,0,4,0,0,0,0,3,0,0,0,0,0,656,6,0,0,0,0,5,0,0,0,3,0,0,3,0,0,0,0,0,0,0,0,0,1
2526,ALAMEDA,2,-99.133819,19.4284,13,0,0,0,0,0,1,0,2,0,0,1,0,0,0,0,0,0,1,0,0,0,0,0,1124,1,0,0,0,0,3,2,0,0,2,0,0,1,0,0,0,0,1,0,1,0,0,1
2535,ALAMEDA,2,-99.135265,19.425887,19,0,0,0,0,0,0,0,1,0,0,1,0,0,0,0,2,0,1,0,0,0,0,1,483,0,0,0,0,0,2,2,0,0,0,0,0,1,0,0,0,0,0,0,0,1,0,1
7818,ALAMEDA,2,-99.139096,19.436737,6,0,0,0,0,0,0,0,1,0,0,3,0,4,1,0,0,0,1,0,2,1,0,0,273,1,0,1,1,1,11,2,0,8,6,0,2,2,0,0,0,0,0,0,0,0,0,1
9117,ALAMEDA,2,-99.132185,19.431559,13,0,0,0,0,0,0,0,0,0,0,0,0,8,1,0,0,0,2,0,0,0,0,0,338,4,0,0,1,0,6,0,0,5,2,0,0,1,0,0,0,0,0,0,0,0,0,0
10125,ALAMEDA,2,-99.140247,19.436831,8,0,0,0,0,0,0,0,2,0,0,3,0,3,1,0,0,0,0,0,2,1,0,0,189,0,0,1,0,1,8,2,0,9,4,0,2,2,0,0,0,0,0,0,0,0,0,0
10150,ALAMEDA,2,-99.1431,19.431343,4,0,0,0,0,0,0,0,4,0,0,1,0,0,2,0,0,0,1,1,2,0,0,0,1014,0,0,0,0,0,0,1,0,2,0,0,0,0,0,0,0,0,0,0,0,0,0,0
10470,ALAMEDA,2,-99.145945,19.428485,5,0,0,0,0,0,0,0,0,0,0,0,0,0,0,0,0,0,0,1,0,0,0,0,263,0,0,0,0,0,0,3,0,0,1,0,0,0,0,0,0,0,1,0,1,0,0,1
10473,ALAMEDA,2,-99.149721,19.432377,2,0,0,0,0,0,0,0,5,0,0,0,0,0,0,0,0,0,1,0,0,0,0,0,272,0,0,0,0,0,4,1,0,0,1,0,0,4,0,0,0,0,0,0,0,0,1,0
2,ALAMEDA,1,-99.14582,19.435098,27,0,1,0,0,0,0,0,1,1,0,8,0,0,1,0,0,0,0,0,0,1,0,0,239,2,0,1,0,0,4,1,0,0,4,0,0,1,0,0,0,0,3,0,0,0,0,0
4,ALAMEDA,1,-99.142704,19.434374,16,0,1,0,0,0,0,0,0,0,0,6,1,0,1,0,0,0,1,0,0,1,0,0,715,4,0,0,0,0,2,2,0,1,2,0,0,1,0,0,0,0,1,0,0,0,0,0
66,ALAMEDA,1,-99.142134,19.432138,7,0,1,0,0,0,0,0,1,0,0,0,0,0,1,0,0,0,0,0,3,0,0,0,1635,2,0,0,0,0,0,2,0,4,0,0,0,0,0,0,0,0,1,0,0,0,0,0
495,ALAMEDA,1,-99.150901,19.429567,0,0,0,0,0,0,0,0,0,0,0,2,0,0,1,0,0,0,0,0,0,0,0,0,60,0,0,0,0,0,4,0,0,0,0,0,0,2,0,0,0,0,0,0,1,1,2,0
2185,ALAMEDA,1,-99.143583,19.428112,12,0,1,0,0,0,0,0,0,0,0,0,0,0,0,0,0,0,0,1,1,0,0,2,1011,2,0,0,0,0,0,4,0,5,0,0,0,0,0,0,0,0,1,0,1,0,0,0
2202,ALAMEDA,1,-99.138623,19.431415,32,0,1,0,0,0,0,0,1,0,0,2,0,0,0,0,0,0,0,0,0,0,0,0,671,3,0,1,0,2,5,3,0,0,0,0,0,1,0,0,0,0,1,0,0,0,0,0
2215,ALAMEDA,1,-99.149029,19.435193,26,0,0,0,0,0,0,0,2,0,0,6,0,0,0,0,0,0,0,0,2,0,0,0,233,2,0,0,0,0,0,1,0,0,0,0,0,0,0,0,0,0,2,0,0,0,0,0
2397,ALAMEDA,1,-99.140713,19.43604,8,0,0,0,0,0,0,0,2,0,0,4,0,2,1,0,0,0,1,0,2,1,0,0,136,0,0,1,0,1,9,0,0,11,7,0,2,2,0,0,0,0,0,0,0,0,0,0
2493,ALAMEDA,1,-99.134948,19.434526,14,0,1,0,0,0,0,0,0,0,0,1,1,0,0,0,0,0,1,0,0,1,0,0,1831,3,0,0,0,1,8,1,0,0,3,0,0,3,0,0,0,0,0,0,0,0,0,0
2496,ALAMEDA,1,-99.138482,19.434388,27,0,0,0,0,0,0,0,0,0,0,1,2,0,0,0,0,0,1,0,0,0,0,0,1343,3,0,0,0,1,10,1,0,2,6,0,0,0,0,0,0,0,1,0,0,0,0,1
2518,ALAMEDA,1,-99.139898,19.430031,6,0,1,0,0,0,0,0,3,0,0,0,0,0,0,0,0,0,0,0,1,0,0,0,1928,0,0,0,0,1,6,1,0,1,0,0,0,2,0,0,0,0,1,1,1,1,1,0
2520,ALAMEDA,1,-99.138689,19.430945,23,0,1,0,0,0,0,0,2,0,0,2,0,0,0,0,0,0,0,0,0,0,0,0,726,2,0,1,0,3,4,3,0,0,0,0,0,1,0,0,0,0,1,0,0,0,0,0
2523,ALAMEDA,1,-99.13261,19.42925,14,0,0,0,0,0,1,0,2,0,0,1,0,0,0,0,0,0,2,0,0,0,0,0,1078,3,0,0,0,0,3,0,0,0,3,0,0,1,0,0,0,0,1,0,0,0,0,1
2529,ALAMEDA,1,-99.135085,19.427658,7,0,0,0,0,0,0,0,0,0,0,1,0,0,0,0,0,0,0,0,0,0,0,0,526,0,0,0,0,1,1,2,0,0,1,0,0,1,0,0,0,0,1,0,1,0,0,2
2538,ALAMEDA,1,-99.137417,19.425135,20,0,0,0,0,0,0,0,0,0,0,0,0,0,0,0,2,0,0,0,0,0,0,1,309,0,0,0,0,0,3,2,0,2,0,0,0,0,0,0,0,0,0,0,0,0,0,2
2541,ALAMEDA,1,-99.138687,19.429877,6,0,1,0,0,0,0,0,3,0,0,0,0,0,0,0,0,0,0,0,0,0,0,0,841,1,0,1,0,3,6,1,0,0,0,0,0,2,0,0,0,0,3,0,0,0,0,0
2543,ALAMEDA,1,-99.12986,19.433283,6,0,0,0,0,0,0,0,0,0,0,0,0,2,0,0,0,0,1,0,0,0,0,1,756,0,0,0,0,3,12,0,0,0,7,1,3,0,0,0,0,0,0,0,1,1,1,0
5343,ALAMEDA,1,-99.14979,19.434922,16,0,0,0,0,0,0,0,2,0,0,5,0,0,0,0,0,0,0,0,2,0,0,0,266,0,0,0,0,0,1,1,0,0,0,0,0,1,0,0,0,0,1,0,0,0,0,0
5439,ALAMEDA,1,-99.132598,19.433143,7,0,0,0,0,0,0,0,0,0,0,1,0,6,1,0,0,0,2,0,0,0,0,0,302,0,0,0,1,1,12,0,0,6,4,0,1,2,0,0,0,0,0,0,0,0,0,0
6199,ALAMEDA,1,-99.150312,19.429452,1,0,0,0,0,0,0,0,0,0,0,2,0,0,1,0,0,0,0,0,0,0,0,0,77,0,0,0,0,1,3,0,0,0,0,0,0,1,0,0,0,0,0,0,1,1,1,0
10115,ALAMEDA,1,-99.135227,19.426767,12,0,0,0,0,0,0,0,1,0,0,1,0,0,0,0,1,0,0,0,0,0,0,0,513,0,0,0,0,2,3,3,0,0,0,0,0,1,0,0,0,0,0,0,0,1,0,1
10117,ALAMEDA,1,-99.147465,19.433681,27,0,1,0,0,0,0,0,0,0,0,1,0,0,0,0,0,0,0,0,0,0,0,0,506,1,0,0,1,0,4,5,0,2,1,0,0,3,0,0,0,0,2,0,0,0,0,0
10123,ALAMEDA,1,-99.134996,19.435208,13,0,0,0,0,0,0,0,0,0,0,1,1,0,0,0,0,0,0,0,0,1,0,0,1717,2,0,0,0,1,3,2,0,0,1,0,1,2,0,0,0,0,0,0,0,0,0,0
10128,ALAMEDA,1,-99.14123,19.428914,2,0,1,0,0,0,0,0,3,0,0,0,0,0,0,0,0,0,0,0,3,0,0,0,1719,0,0,0,0,0,2,2,0,2,0,0,0,1,0,0,0,0,0,1,1,1,1,0
10132,ALAMEDA,1,-99.138377,19.433688,30,0,1,0,0,0,0,0,0,0,0,0,1,0,0,0,0,0,0,0,0,0,0,0,1192,5,0,0,0,0,3,2,0,0,4,0,0,0,0,0,0,0,1,0,0,0,0,0
10135,ALAMEDA,1,-99.136385,19.432135,26,0,3,0,0,0,0,0,0,0,0,0,0,0,0,0,0,0,1,0,0,1,0,0,1399,5,0,0,0,2,7,2,0,0,1,0,1,3,0,0,0,0,0,0,0,0,0,0
10136,ALAMEDA,1,-99.136158,19.434286,17,0,3,0,0,0,0,0,0,0,0,0,3,0,0,0,0,0,1,0,0,1,0,0,2168,4,0,0,0,1,5,1,0,2,1,0,0,2,0,0,0,0,0,0,0,0,0,0
10137,ALAMEDA,1,-99.133292,19.42451,9,0,1,0,0,0,0,1,1,0,0,0,0,2,3,0,0,0,2,0,0,0,0,0,602,0,7,0,0,0,0,2,0,4,0,0,0,0,1,0,0,0,0,0,0,0,0,0
